timestamp_ms,ax,ay,az_raw,az_filt,gx,gy,gz
10,-0.1268,-0.0072,9.6957,9.6472,0.0111,0.0264,0.0409
20,-0.1268,-0.0167,9.6861,9.5895,0.0050,0.0257,0.0376
30,-0.1292,-0.0263,9.6670,9.5225,0.0115,0.0269,0.0392
40,-0.1603,-0.0048,9.7029,9.5106,0.0060,0.0243,0.0396
50,-0.1962,-0.0120,9.6981,9.4583,0.0090,0.0284,0.0402
60,-0.1507,-0.0167,9.7053,9.4181,0.0113,0.0261,0.0402
70,-0.1914,-0.0239,9.7125,9.3782,0.0092,0.0214,0.0417
80,-0.1220,-0.0144,9.7244,9.3432,0.0046,0.0279,0.0397
90,-0.1914,-0.0167,9.7053,9.2774,0.0102,0.0301,0.0405
100,-0.1723,-0.0096,9.6598,9.1858,0.0076,0.0241,0.0444
110,-0.1819,-0.0239,9.6957,9.1756,0.0070,0.0237,0.0426
120,-0.1747,-0.0024,9.6455,9.0797,0.0044,0.0231,0.0350
130,-0.1795,-0.0239,9.7125,9.1010,0.0050,0.0250,0.0385
140,-0.1675,-0.0239,9.6885,9.0317,0.0111,0.0272,0.0408
150,-0.1436,-0.0144,9.7244,9.0222,0.0090,0.0260,0.0382
160,-0.1651,-0.0311,9.7029,8.9557,0.0060,0.0247,0.0383
170,-0.1101,-0.0096,9.7125,8.9204,0.0110,0.0279,0.0389
180,-0.1771,-0.0191,9.7388,8.9020,0.0111,0.0229,0.0371
190,-0.1340,-0.0215,9.6933,8.8123,0.0095,0.0264,0.0403
200,-0.1603,0.0000,9.6766,8.7515,0.0104,0.0290,0.0392
210,-0.1364,-0.0048,9.6957,8.7268,0.0093,0.0243,0.0377
220,-0.1747,0.0000,9.6933,8.6808,0.0053,0.0258,0.0347
230,-0.1292,-0.0048,9.7125,8.6565,0.0075,0.0261,0.0403
240,-0.1531,-0.0120,9.6790,8.5798,0.0079,0.0254,0.0392
250,-0.1292,-0.0287,9.6455,8.5036,0.0092,0.0252,0.0415
260,-0.1507,0.0000,9.6407,8.4563,0.0090,0.0218,0.0411
270,-0.1747,-0.0263,9.6718,8.4450,0.0093,0.0241,0.0363
280,-0.1436,-0.0167,9.7125,8.4433,0.0104,0.0254,0.0403
290,-0.1627,0.0120,9.6718,8.3606,0.0096,0.0275,0.0360
300,-0.1747,-0.0096,9.6646,8.3116,0.0093,0.0231,0.0386
310,-0.1723,0.0024,9.7053,8.3105,0.0061,0.0235,0.0412
320,-0.1842,0.0000,9.7196,8.2833,0.0081,0.0246,0.0405
330,-0.1699,-0.0096,9.7412,8.2633,0.0058,0.0272,0.0379
340,-0.1340,0.0024,9.6718,8.1529,0.0063,0.0244,0.0350
350,-0.1699,-0.0239,9.6742,8.1145,0.0067,0.0234,0.0391
360,-0.1675,-0.0191,9.6670,8.0668,0.0089,0.0260,0.0388
370,-0.1436,-0.0239,9.7005,8.0598,0.0121,0.0260,0.0397
380,-0.1675,-0.0024,9.6790,7.9981,0.0073,0.0249,0.0380
390,-0.1244,-0.0167,9.6526,7.9319,0.0066,0.0276,0.0382
400,-0.1699,-0.0096,9.7149,7.9542,0.0096,0.0249,0.0379
410,-0.1436,-0.0120,9.7292,7.9287,0.0063,0.0238,0.0389
420,-0.1675,-0.0120,9.7268,7.8866,0.0101,0.0261,0.0377
430,-0.1819,-0.0096,9.6861,7.8067,0.0049,0.0206,0.0396
440,-0.1819,-0.0263,9.6550,7.7368,0.0081,0.0264,0.0389
450,-0.1507,-0.0096,9.7077,7.7504,0.0078,0.0243,0.0394
460,-0.1747,-0.0048,9.7149,7.7188,0.0092,0.0243,0.0423
470,-0.1412,-0.0048,9.6909,7.6564,0.0070,0.0255,0.0396
480,-0.1819,-0.0096,9.7005,7.6277,0.0073,0.0283,0.0374
490,-0.2010,-0.0167,9.7005,7.5895,0.0089,0.0261,0.0376
500,-0.1484,-0.0383,9.6694,7.5206,0.0070,0.0247,0.0385
510,-0.1436,-0.0191,9.7244,7.5378,0.0067,0.0244,0.0403
520,-0.1579,-0.0335,9.7125,7.4882,0.0055,0.0241,0.0389
530,-0.1555,-0.0024,9.6550,7.3936,0.0055,0.0249,0.0421
540,-0.1292,-0.0287,9.7125,7.4138,0.0116,0.0263,0.0383
550,-0.1484,-0.0096,9.6766,7.3410,0.0070,0.0246,0.0400
560,-0.1507,0.0048,9.6622,7.2900,0.0061,0.0272,0.0425
570,-0.1053,-0.0072,9.7364,7.3274,0.0050,0.0232,0.0391
580,-0.1699,-0.0167,9.7268,7.2812,0.0053,0.0254,0.0370
590,-0.1747,-0.0167,9.7149,7.2329,0.0118,0.0257,0.0383
600,-0.1412,-0.0407,9.5665,7.0491,0.0082,0.0255,0.0388
610,-0.1914,-0.0479,9.5737,7.0210,0.0092,0.0278,0.0359
620,-0.1077,-0.0024,9.7005,7.1121,0.0124,0.0267,0.0386
630,-0.1460,0.0000,9.6503,7.0265,0.0075,0.0243,0.0379
640,-0.1962,-0.0383,9.6814,7.0224,0.0066,0.0260,0.0368
650,-0.1460,-0.0263,9.6526,6.9587,0.0101,0.0286,0.0380
660,-0.1507,0.0048,9.7077,6.9787,0.0086,0.0261,0.0405
670,-0.1268,-0.0072,9.6885,6.9247,0.0055,0.0260,0.0409
680,-0.1890,-0.0311,9.6694,6.8710,0.0081,0.0261,0.0356
690,-0.1747,0.0000,9.6526,6.8200,0.0076,0.0249,0.0362
700,-0.1866,0.0024,9.7244,6.8573,0.0079,0.0261,0.0382
710,-0.1914,-0.0215,9.6861,6.7850,0.0072,0.0244,0.0400
720,-0.1627,-0.0167,9.6455,6.7106,0.0075,0.0266,0.0368
730,-0.1125,-0.0072,9.6885,6.7199,0.0061,0.0273,0.0399
740,-0.1460,-0.0359,9.6981,6.6958,0.0078,0.0257,0.0367
750,-0.1172,-0.0287,9.6790,6.6433,0.0128,0.0226,0.0389
760,-0.0957,-0.0096,9.7053,6.6362,0.0079,0.0234,0.0371
770,-0.1603,-0.0359,9.6646,6.5626,0.0079,0.0250,0.0394
780,-0.1364,-0.0383,9.7053,6.5702,0.0063,0.0279,0.0348
790,-0.1484,-0.0048,9.6814,6.5136,0.0063,0.0229,0.0380
800,-0.1244,-0.0048,9.6909,6.4905,0.0076,0.0254,0.0386
810,-0.1531,-0.0263,9.6838,6.4509,0.0098,0.0258,0.0403
820,-0.1866,-0.0287,9.7125,6.4473,0.0063,0.0318,0.0408
830,-0.1603,-0.0215,9.6885,6.3912,0.0072,0.0264,0.0359
840,-0.2034,-0.0167,9.7077,6.3783,0.0105,0.0286,0.0392
850,-0.1555,-0.0239,9.7555,6.3940,0.0057,0.0231,0.0399
860,-0.1747,-0.0263,9.6670,6.2740,0.0073,0.0228,0.0402
870,-0.1436,-0.0215,9.6742,6.2497,0.0075,0.0261,0.0405
880,-0.1795,-0.0120,9.6550,6.1994,0.0107,0.0264,0.0351
890,-0.1819,-0.0239,9.7149,6.2280,0.0111,0.0276,0.0388
900,-0.1340,-0.0455,9.6742,6.1564,0.0107,0.0234,0.0377
910,-0.1507,-0.0167,9.7196,6.1708,0.0069,0.0267,0.0409
920,-0.1388,-0.0239,9.6694,6.0900,0.0027,0.0264,0.0365
930,-0.1507,-0.0239,9.7220,6.1119,0.0093,0.0287,0.0362
940,-0.2130,-0.0120,9.6814,6.0409,0.0110,0.0254,0.0377
950,-0.1436,0.0000,9.6766,6.0059,0.0090,0.0267,0.0403
960,-0.1627,-0.0048,9.6670,5.9663,0.0098,0.0241,0.0409
970,-0.1747,0.0120,9.7149,5.9841,0.0078,0.0298,0.0385
980,-0.1747,0.0072,9.7292,5.9685,0.0096,0.0267,0.0415
990,-0.1484,-0.0024,9.6742,5.8839,0.0090,0.0289,0.0370
1000,-0.1507,-0.0167,9.6885,5.8688,0.0078,0.0252,0.0371
1092,-0.1627,0.0120,9.6455,5.7966,0.0086,0.0287,0.0382
1102,-0.1675,-0.0048,9.6598,5.7819,0.0081,0.0275,0.0391
1112,-0.1507,0.0000,9.6790,5.7720,0.0096,0.0264,0.0365
1122,-0.1603,-0.0239,9.6742,5.7384,0.0119,0.0258,0.0394
1132,-0.1531,-0.0096,9.7292,5.7644,0.0060,0.0243,0.0389
1142,-0.1340,-0.0096,9.6574,5.6642,0.0095,0.0281,0.0368
1152,-0.1627,-0.0048,9.6885,5.6668,0.0069,0.0269,0.0388
1162,-0.1507,-0.0072,9.7173,5.6671,0.0086,0.0270,0.0362
1172,-0.1627,-0.0072,9.7364,5.6578,0.0035,0.0269,0.0009
1182,-0.1842,-0.0072,9.7053,5.5985,0.0081,0.0257,0.0389
1192,-0.1412,-0.0167,9.6766,5.5420,0.0113,0.0255,0.0386
1202,-0.1819,-0.0096,9.6885,5.5262,0.0087,0.0223,0.0397
1212,-0.1795,-0.0120,9.7101,5.5200,0.0058,0.0243,0.0377
1222,-0.1795,-0.0191,9.6957,5.4781,0.0093,0.0278,0.0373
1232,-0.1507,-0.0167,9.7412,5.4959,0.0041,0.0270,0.0394
1242,-0.1914,-0.0239,9.6838,5.4113,0.0055,0.0220,0.0382
1252,-0.1651,-0.0120,9.6742,5.3747,0.0078,0.0267,0.0383
1262,-0.1292,-0.0239,9.6718,5.3455,0.0095,0.0232,0.0389
1272,-0.1340,-0.0191,9.7173,5.3640,0.0049,0.0250,0.0374
1282,-0.1244,-0.0287,9.6646,5.2848,0.0078,0.0232,0.0400
1292,-0.1699,-0.0096,9.6694,5.2631,0.0073,0.0223,0.0368
1302,-0.1675,-0.0167,9.6407,5.2082,0.0128,0.0260,0.0392
1312,-0.1364,0.0000,9.7244,5.2655,0.0090,0.0237,0.0773
1322,-0.1723,-0.0096,9.7268,5.2416,0.0082,0.0269,0.0400
1332,-0.1412,-0.0287,9.7149,5.2035,0.0099,0.0290,0.0365
1342,-0.1292,-0.0096,9.6766,5.1393,0.0055,0.0237,0.0412
1352,-0.1675,-0.0120,9.7053,5.1422,0.0110,0.0298,0.0408
1362,-0.1890,-0.0263,9.7149,5.1260,0.0070,0.0260,0.0389
1372,-0.1436,-0.0239,9.7053,5.0909,0.0113,0.0221,0.0396
1382,-0.1484,-0.0072,9.7220,5.0821,0.0078,0.0269,0.0415
1392,-0.1771,-0.0072,9.6790,5.0138,0.0079,0.0243,0.0402
1402,-0.1627,-0.0191,9.6503,4.9602,0.0044,0.0295,0.0374
1412,-0.1938,-0.0526,9.6814,4.9663,0.0108,0.0293,0.0389
1422,-0.1244,0.0000,9.6526,4.9129,0.0079,0.0281,0.0383
1432,-0.1484,-0.0048,9.6335,4.8693,0.0057,0.0261,0.0406
1442,-0.1890,-0.0048,9.6526,4.8640,0.0058,0.0264,0.0360
1452,-0.1795,-0.0167,9.6407,4.8278,0.0060,0.0255,0.0392
1462,-0.1627,-0.0048,9.6718,4.8346,0.0076,0.0263,0.0418
1472,-0.1938,-0.0072,9.6790,4.8176,0.0099,0.0254,0.0403
1482,-0.1436,-0.0263,9.7053,4.8197,0.0104,0.0258,0.0403
1492,-0.1460,-0.0383,9.7316,4.8218,0.0069,0.0266,0.0394
1502,-0.1436,-0.0167,9.6957,4.7619,0.0078,0.0257,0.0382
1512,-0.1340,-0.0239,9.6718,4.7143,0.0090,0.0241,0.0360
1522,-0.1268,-0.0144,9.7101,4.7289,0.0134,0.0293,0.0409
1532,-0.1603,-0.0263,9.6885,4.6838,0.0089,0.0249,0.0385
1542,-0.1340,-0.0167,9.7412,4.7127,0.0038,0.0229,0.0392
1552,-0.1651,-0.0311,9.6766,4.6249,0.0116,0.0243,0.0362
1562,-0.1938,-0.0072,9.6742,4.5994,0.0076,0.0221,0.0414
1572,-0.1890,-0.0048,9.7340,4.6359,0.0061,0.0249,0.0383
1582,-0.1795,-0.0120,9.6861,4.5651,0.0078,0.0254,0.0357
1592,-0.1938,-0.0215,9.6359,4.4923,0.0072,0.0276,0.0367
1602,-0.1771,-0.0144,9.6790,4.5127,0.0050,0.0266,0.0394
1612,-0.1651,-0.0239,9.7220,4.5330,0.0078,0.0283,0.0406
1622,-0.1747,-0.0167,9.6646,4.4532,0.0093,0.0235,0.0356
1632,-0.1388,-0.0144,9.7173,4.4833,0.0115,0.0241,0.0406
1642,-0.1531,-0.0215,9.7101,4.4537,0.0105,0.0260,0.0417
1652,-0.1675,-0.0335,9.7029,4.4243,0.0076,0.0252,0.0359
1662,-0.1507,-0.0191,9.7196,4.4189,0.0047,0.0275,0.0397
1672,-0.1412,-0.0120,9.6885,4.3658,0.0090,0.0241,0.0415
1682,-0.1699,-0.0144,9.7220,4.3773,0.0107,0.0255,0.0405
1692,-0.1747,0.0048,9.6981,4.3316,0.0098,0.0266,0.0414
1702,-0.1603,-0.0263,9.6766,4.2885,0.0044,0.0302,0.0382
1712,-0.1531,-0.0144,9.7436,4.3338,0.0108,0.0247,0.0406
1722,-0.1723,-0.0048,9.6718,4.2407,0.0093,0.0304,0.0386
1732,-0.1436,-0.0072,9.7125,4.2599,0.0044,0.0269,0.0370
1742,-0.1364,-0.0120,9.6694,4.1958,0.0064,0.0226,0.0377
1752,-0.1675,-0.0096,9.6694,4.1748,0.0087,0.0249,0.0394
1762,-0.1364,-0.0120,9.7101,4.1944,0.0089,0.0246,0.0380
1772,-0.1699,0.0000,9.7125,4.1758,0.0099,0.0254,0.0405
1782,-0.1890,-0.0407,9.6885,4.1311,0.0084,0.0278,0.0771
1792,-0.1460,-0.0215,9.6981,4.1200,0.0090,0.0250,0.0403
1802,-0.1340,-0.0287,9.6885,4.0899,0.0049,0.0255,0.0376
1812,-0.1699,-0.0239,9.7292,4.1099,0.0093,0.0232,0.0388
1822,-0.1579,-0.0024,9.6550,4.0155,0.0069,0.0228,0.0383
1832,-0.1651,-0.0550,9.7077,4.0478,0.0066,0.0263,0.0374
1842,-0.1627,0.0024,9.7316,4.0514,0.0096,0.0275,0.0385
1852,-0.1460,0.0000,9.7005,4.0002,0.0093,0.0255,0.0374
1862,-0.1460,-0.0191,9.7292,4.0088,0.0081,0.0279,0.0394
1872,-0.1460,-0.0144,9.6694,3.9292,0.0084,0.0276,0.0374
1882,-0.1603,-0.0263,9.7699,4.0096,0.0079,0.0217,0.0386
1892,-0.1603,-0.0359,9.6766,3.8967,0.0121,0.0263,0.0417
1902,-0.1292,0.0024,9.6455,3.8462,0.0119,0.0272,0.0382
1912,-0.1364,-0.0335,9.6718,3.8532,0.0108,0.0292,0.0379
1922,-0.1579,-0.0048,9.6885,3.8506,0.0101,0.0250,0.0367
1932,-0.1244,-0.0383,9.7077,3.8504,0.0079,0.0243,0.0376
1942,-0.1699,-0.0311,9.7029,3.8264,0.0098,0.0270,0.0392
1952,-0.2058,-0.0239,9.6861,3.7906,0.0111,0.0254,0.0412
1962,-0.1651,-0.0024,9.6670,3.7526,0.0115,0.0279,0.0411
1972,-0.1316,-0.0215,9.6933,3.7600,0.0095,0.0258,0.0391
1982,-0.1866,-0.0096,9.7316,3.7793,0.0086,0.0257,0.0373
1992,-0.1842,-0.0096,9.6909,3.7199,0.0107,0.0249,0.0406
2002,-0.1699,0.5862,9.7077,3.7180,0.0098,0.0299,0.0370
2012,-0.1675,0.0048,9.6742,3.6661,0.0110,0.0249,0.0403
2022,-0.1675,0.0048,9.6646,3.6382,0.0064,0.0254,0.0380
2032,-0.1388,-0.0096,9.7292,3.6843,0.0063,0.0250,0.0397
2042,-0.1675,-0.0167,9.7077,3.6444,0.0043,0.0243,0.0370
2052,-0.1507,-0.0167,9.6742,3.5929,0.0055,0.0267,0.0394
2062,-0.1412,-0.0144,9.7077,3.6083,0.0041,0.0250,0.0392
2072,-0.1795,-0.0096,9.7029,3.5855,0.0049,0.0272,0.0397
2082,-0.1675,-0.0048,9.7149,3.5794,0.0093,0.0250,0.0391
2182,-0.2369,-0.0024,9.6455,3.4925,0.0082,0.0252,0.0371
2192,-0.2130,-0.0239,9.6790,3.5084,0.0087,0.0231,0.0418
2202,-0.1771,-0.0120,9.6742,3.4861,0.0118,0.0224,0.0389
2212,-0.1890,-0.0191,9.6718,3.4662,0.0104,0.0276,0.0399
2222,-0.1627,-0.0239,9.7077,3.4846,0.0063,0.0276,0.0391
2232,-0.1579,-0.0311,9.6861,3.4458,0.0070,0.0244,0.0360
2242,-0.1531,-0.0311,9.6670,3.4095,0.0087,0.0252,0.0383
2252,-0.1507,-0.0311,9.7005,3.4258,0.0069,0.0229,0.0403
2262,-0.1316,-0.0120,9.6503,3.3587,0.0069,0.0254,0.0356
2272,-0.1484,-0.0144,9.7101,3.4014,0.0098,0.0279,0.0396
2282,-0.1364,-0.0072,9.7268,3.4010,0.0105,0.0276,0.0386
2292,-0.1436,-0.0167,9.6718,3.3293,0.0101,0.0272,0.0400
2302,-0.1579,-0.0144,9.7244,3.3650,0.0061,0.0235,0.0388
2312,-0.1579,-0.0120,9.7340,3.3577,0.0108,0.0292,0.0394
2322,-0.1842,-0.0072,9.6550,3.2624,0.0087,0.0257,0.0392
2332,-0.2010,0.5982,9.6814,3.2722,0.0075,0.0269,0.0396
2342,-0.1531,-0.0144,9.7196,3.2940,0.0078,0.0281,0.0373
2352,-0.1771,-0.0191,9.6646,3.2227,0.0099,0.0270,0.0411
2362,-0.1914,-0.0263,9.7651,3.3066,0.0098,0.0278,0.0435
2372,-0.1364,-0.0263,9.6838,3.2091,0.0125,0.0276,0.0368
2382,-0.1842,-0.0096,9.6742,3.1836,0.0073,0.0270,0.0437
2392,-0.1795,-0.0191,9.7244,3.2176,0.0096,0.0276,0.0397
2402,-0.1819,0.0072,9.6885,3.1658,0.0084,0.0246,0.0402
2412,-0.1819,-0.0407,9.7220,3.1833,0.0111,0.0276,0.0414
2422,-0.1627,-0.0144,9.7196,3.1650,0.0102,0.0261,0.0386
2432,-0.1699,0.0000,9.6885,3.1183,0.0076,0.0257,0.0365
2442,-0.1699,-0.0024,9.6742,3.0884,0.0101,0.0261,0.0405
2452,-0.1890,-0.0072,9.6718,3.0706,0.0032,0.0261,0.0382
2462,-0.1101,-0.0263,9.7460,3.1290,0.0093,0.0261,0.0379
2472,-0.1579,0.6006,9.6742,3.0420,0.0115,0.0267,0.0386
2482,-0.1555,-0.0167,9.6526,3.0053,0.0063,0.0263,0.0386
2492,-0.1723,-0.0096,9.6550,2.9927,0.0095,0.0261,0.0367
2502,-0.1603,-0.0120,9.6742,2.9968,0.0058,0.0246,0.0370
2512,-0.1340,-0.0120,9.7149,3.0222,0.0087,0.0292,0.0411
2522,-0.1340,-0.0096,9.6766,2.9690,0.0066,0.0260,0.0389
2532,-0.2010,0.0000,9.7101,2.9875,0.0105,0.0267,0.0426
2542,-0.1316,-0.0144,9.6957,2.9583,0.0046,0.0243,0.0380
2552,-0.1484,-0.0072,9.7508,2.9983,0.0101,0.0272,0.0415
2562,-0.1747,0.0072,9.7196,2.9523,0.0107,0.0287,0.0380
2572,-0.1460,-0.0239,9.6790,2.8971,0.0089,0.0257,0.0386
2582,78.3984,-72.5121,8.4562,1.6660,-0.1034,0.0386,-0.3436
2592,67.1115,-3.0293,11.0501,4.2385,0.4079,0.0234,-4.8654
2602,10.6313,4.1683,4.8718,-1.9301,0.9354,0.0064,-1.9035
2612,-6.9894,0.6293,5.8481,-0.9490,0.4291,0.0693,-2.7067
2622,-3.1490,0.9882,9.3105,2.5008,-0.5295,0.0510,-2.6214
2632,-4.0080,-1.1773,9.0736,2.2526,0.1028,0.0342,-1.0562
2642,-6.5874,-0.5456,10.5188,3.6794,0.0043,0.0409,0.0029
2652,-12.3302,-0.9332,20.8511,13.9415,-0.1489,0.4985,0.7289
2662,-0.4642,2.4096,-0.9093,-7.7797,0.1274,1.4128,1.2732
2672,-4.3884,-11.8325,-34.3490,-41.0133,5.0034,-1.0046,0.1533
2682,-8.4491,-0.4116,10.2269,3.5448,5.0034,-1.0469,-0.0214
2692,-37.0529,6.4822,4.8957,-1.7775,-0.0389,-0.5409,-1.5606
2702,-1.2012,2.8379,2.8140,-3.8399,2.6049,1.2799,-1.8390
2712,-2.3737,1.8520,0.8423,-5.7826,-1.4746,-0.0206,-1.5290
2722,2.9049,-6.0299,17.8672,11.1861,-2.0728,0.5974,-0.9613
2732,1.0959,0.1771,12.9523,6.2399,-4.6864,0.6584,-0.5411
2742,0.2752,1.7061,12.2752,5.5350,-5.0042,0.7269,-0.0990
2752,8.9420,15.1968,78.3984,71.2999,-5.0042,0.5831,0.2323
2762,0.0072,-3.5342,0.5862,-6.4797,-1.0032,-0.0043,0.4418
2772,-3.4098,2.0578,7.0780,0.0120,-0.5527,-0.3140,0.4073
2782,0.3685,1.8664,2.8451,-4.1998,3.3156,0.4238,0.4110
2792,-0.3494,-1.1198,17.2283,10.1325,1.6780,-0.0125,0.5409
2802,1.9478,2.2493,6.9823,-0.1130,2.1293,-0.2185,0.4094
2812,0.8399,-1.5912,12.3087,5.1874,1.4453,-0.0932,0.2022
2822,0.0718,-0.4307,6.6927,-0.4265,0.5255,-0.0719,0.0467
2832,0.8040,-0.2536,7.7384,0.6161,-0.7958,0.1594,-0.0640
2842,-0.3302,-1.5290,10.1025,2.9653,-1.2248,0.1836,-0.1495
2852,-0.0287,-0.5910,8.5448,1.4006,-2.1206,0.2587,-0.2083
2862,-1.9693,3.8620,5.6327,-1.5040,-2.0905,-0.0241,-0.1674
2872,0.4211,-3.5294,6.2333,-0.8988,0.6988,-0.0460,0.0334
2882,0.6365,2.0985,10.9783,3.8269,0.0437,0.0435,0.0226
2892,0.0215,-0.5982,10.0187,2.8530,0.4226,-0.0173,0.0599
2902,-0.0837,-0.4786,8.6692,1.4960,-0.0669,0.0379,0.0269
2912,0.6508,-0.2489,12.7490,5.5479,-0.6396,0.0889,-0.0205
2922,-0.1531,-1.0050,8.8080,1.5988,0.2648,0.0235,0.0512
2932,0.1125,0.2895,10.5428,3.3170,0.0449,0.0165,0.0360
2942,0.0957,-0.1029,9.2602,2.0242,-0.0858,0.0238,0.0304
2952,0.1029,-0.0694,9.6981,2.4498,0.0478,0.0295,0.0432
2962,0.0550,0.0048,10.0283,2.7661,0.0119,0.0218,0.0396
2972,0.0646,-0.0215,9.4564,2.1833,0.0351,0.0241,0.0431
2982,0.0407,-0.0167,9.6479,2.3628,0.0124,0.0310,0.0374
2992,0.0335,0.0287,9.8178,2.5200,-0.0266,0.0267,0.0365
3002,0.0694,-0.0191,9.7340,2.4241,0.0139,0.0240,0.0396
3012,0.0766,-0.0048,9.6790,2.3572,0.0264,0.0257,0.0414
3022,0.0550,-0.0191,9.7220,2.3883,-0.0017,0.0258,0.0383
3032,0.0407,0.0048,9.6359,2.2907,0.0069,0.0246,0.0396
3042,0.0335,-0.0167,9.7173,2.3602,0.0125,0.0218,0.0397
3052,0.0694,0.6078,9.7364,2.3674,0.0076,0.0273,0.0412
3062,-0.0024,-0.0096,9.7603,2.3794,0.0092,0.0270,0.0380
3072,-0.0072,-0.0144,9.6550,2.2627,0.0121,0.0263,0.0394
3082,0.0096,-0.0120,9.6646,2.2609,0.0125,0.0293,0.0403
3092,-0.0072,-0.0191,9.7316,2.3163,0.0055,0.0275,0.0412
3102,0.0096,-0.0167,9.7005,2.2738,0.0031,0.0257,0.0389
3112,-0.6006,0.0144,9.6694,2.2314,0.0098,0.0284,0.0379
3122,0.0263,-0.0287,9.6766,2.2274,0.0111,0.0257,0.0365
3132,0.0239,-0.0431,9.6742,2.2139,0.0079,0.0244,0.0368
3142,0.0431,-0.0120,9.6957,2.2243,0.0093,0.0255,0.0386
3152,0.0837,0.0120,9.6957,2.2131,0.0078,0.0270,0.0406
3162,0.0742,-0.0239,9.6790,2.1854,0.0110,0.0266,0.0385
3172,0.0479,-0.0096,9.7173,2.2126,0.0064,0.0296,0.0380
3266,-0.5767,-0.0120,9.6622,2.1467,0.0105,0.0241,0.0425
3276,0.0072,-0.0287,9.6766,2.1503,0.0108,0.0261,0.0377
3286,0.0072,-0.0144,9.6598,2.1229,0.0064,0.0241,0.0389
3296,0.0311,0.0120,9.7436,2.1956,0.0095,0.0275,0.0406
3306,0.0167,-0.0239,9.7268,2.1680,0.0079,0.0257,0.0374
3316,0.0215,-0.0024,9.6838,2.1143,0.0101,0.0264,0.0014
3326,0.0526,0.0024,9.6574,2.0775,0.0090,0.0278,0.0397
3336,0.0359,-0.0096,9.7436,2.1528,0.0084,0.0279,0.0383
3346,0.0694,-0.0191,9.6622,2.0611,0.0092,0.0276,0.0351
3356,0.0526,0.0024,9.7244,2.1127,0.0098,0.0240,0.0396
3366,0.0407,-0.0311,9.6814,2.0593,0.0079,0.0292,0.0389
3376,0.0718,-0.0263,9.6814,2.0490,0.0105,0.0258,0.0391
3386,0.0479,0.0191,9.6790,2.0364,0.0093,0.0252,0.0363
3396,0.0167,0.5934,9.6981,2.0452,0.0093,0.0266,0.0409
3406,0.0335,-0.0072,9.6718,2.0088,0.0075,0.0250,0.0405
3416,0.0263,-0.0072,9.6909,2.0178,0.0061,0.0244,0.0370
3426,0.0311,0.0167,9.6718,1.9887,0.0075,0.0270,0.0383
3436,0.0191,-0.0096,9.6670,1.9740,0.0137,0.0281,0.0392
3446,0.0167,0.0000,9.6909,1.9879,0.0057,0.0264,0.0367
3456,0.0311,0.0048,9.6622,1.9494,0.0084,0.0255,0.0382
3466,0.0144,-0.0024,9.6526,1.9301,0.0069,0.0244,0.0396
3476,0.0311,-0.0383,9.6838,1.9514,0.0076,0.0241,0.0379
3486,0.0120,-0.0048,9.7173,1.9750,0.0099,0.0250,0.0392
3496,0.0191,-0.0191,9.6957,1.9437,0.0078,0.0246,0.0385
3506,0.0574,-0.0144,9.6526,1.8911,0.0134,0.0267,0.0386
3516,0.0622,-0.0144,9.6933,1.9221,0.0093,0.0250,0.0389
3526,0.0239,-0.0215,9.7077,1.9268,0.0099,0.0261,0.0377
3536,0.0550,-0.0048,9.7555,1.9648,0.0105,0.0267,0.0779
3546,0.0502,-0.0191,9.6957,1.8955,0.0067,0.0260,0.0380
3556,0.0311,-0.0072,9.6646,1.8550,0.0066,0.0240,0.0376
3566,0.0526,0.0096,9.6359,1.8172,0.0076,0.0261,0.0388
3576,0.0646,0.0167,9.7436,1.9152,0.0092,0.0289,0.0397
3586,0.0239,-0.0215,9.6766,1.8390,0.0079,0.0254,0.0391
3596,0.0191,-0.0167,9.6933,1.8465,0.0127,0.0258,0.0377
3606,0.0239,-0.0120,9.6479,1.7920,0.0087,0.0255,0.0402
3616,0.0239,-0.0048,9.7220,1.8568,0.0102,0.0261,0.0389
3626,0.0191,-0.0024,9.7149,1.8404,0.0121,0.0260,0.0354
3636,0.0239,-0.0120,9.7077,1.8241,0.0058,0.0266,0.0380
3646,-0.0096,-0.0167,9.7196,1.8269,0.0098,0.0283,0.0356
3656,0.0167,-0.0359,9.6718,1.7701,0.0043,0.0302,0.0403
3666,0.0096,-0.0096,9.6981,1.7874,0.0081,0.0266,0.0388
3676,0.0215,-0.0191,9.6933,1.7737,0.0057,0.0275,0.0374
3686,0.0048,-0.0144,9.7316,1.8030,0.0113,0.0250,0.0356
3696,0.0311,-0.0215,9.7125,1.7749,0.0087,0.0266,0.0373
3706,0.0574,-0.0024,9.6670,1.7208,0.0089,0.0279,0.0397
3716,0.0311,-0.0048,9.7364,1.7812,0.0090,0.0261,0.0373
3726,0.0383,0.0048,9.7173,1.7533,0.0089,0.0246,0.0377
3736,0.0670,0.0215,9.7149,1.7421,0.0119,0.0273,0.0399
3746,0.0502,0.0048,9.7101,1.7287,0.0101,0.0258,0.0391
3756,0.0359,-0.0072,9.6598,1.6700,0.0084,0.0263,0.0362
3766,0.0574,0.0191,9.6790,1.6807,0.0078,0.0275,0.0362
3776,0.0311,-0.0191,9.7029,1.6961,0.0102,0.0264,0.0396
3786,0.0550,-0.0287,9.7125,1.6972,0.0078,0.0267,0.0383
3796,0.0646,-0.0287,9.7053,1.6815,0.0061,0.0252,0.0397
3806,0.0479,-0.0072,9.7053,1.6731,0.0072,0.0266,0.0397
3816,0.0383,-0.0311,9.6885,1.6481,0.0121,0.0270,0.0405
3826,0.0287,-0.0263,9.7244,1.6756,0.0078,0.0308,0.0405
3836,0.0191,-0.0167,9.7436,1.6862,0.0075,0.0228,0.0360
3846,0.0000,0.0024,9.7196,1.6540,0.0122,0.0276,0.0382
3856,0.0024,-0.0167,9.6933,1.6195,0.0089,0.0275,0.0363
3866,0.0000,0.0000,9.7005,1.6186,0.0082,0.0266,0.0420
3876,0.0263,-0.0191,9.6694,1.5795,0.0101,0.0254,0.0408
3886,0.0263,0.0072,9.7101,1.6121,0.0122,0.0266,0.0388
3896,0.0215,-0.0072,9.6838,1.5779,0.0107,0.0275,0.0003
3906,0.0335,-0.0072,9.6981,1.5843,0.0086,0.0299,0.0405
3916,0.0598,-0.0072,9.6861,1.5644,0.0084,0.0270,0.0377
3926,0.0191,-0.0048,9.7603,1.6304,0.0087,0.0299,0.0370
3936,0.0407,-0.0072,9.6718,1.5342,0.0089,0.0243,0.0380
3946,0.0479,-0.0072,9.6718,1.5265,0.0119,0.0270,0.0423
3956,0.0479,-0.0287,9.6885,1.5355,0.0066,0.0272,0.0359
3966,0.0526,-0.0120,9.7053,1.5445,0.0047,0.0254,0.0380
3976,0.0359,-0.0239,9.7340,1.5654,0.0063,0.0255,0.0391
3986,0.0215,-0.0120,9.7412,1.5647,0.0116,0.0289,0.0373
3996,0.0048,-0.0144,9.6335,1.4497,0.0076,0.0286,0.0402
4006,0.0359,-0.0383,9.6598,1.4687,0.0076,0.0283,0.0370
4016,0.0311,-0.0096,9.7244,1.5256,0.0076,0.0258,0.0363
4026,0.0239,-0.0120,9.7053,1.4989,0.0122,0.0269,0.0383
4036,0.0167,0.0000,9.6574,1.4438,0.0098,0.0261,0.0402
4046,0.0167,-0.0024,9.6790,1.4580,0.0098,0.0279,0.0347
4056,0.0167,-0.0096,9.7316,1.5031,0.0058,0.0255,0.0394
4066,0.0167,-0.0167,9.7484,1.5123,0.0090,0.0284,0.0386
4076,0.0526,-0.0215,9.7316,1.4881,0.0102,0.0275,0.0379
4086,0.0550,-0.0096,9.6407,1.3901,0.0070,0.0267,0.0377
4096,0.0479,-0.0215,9.6718,1.4141,0.0060,0.0257,0.0389
4106,0.0502,-0.0096,9.7173,1.4523,0.0073,0.0254,0.0357
4116,0.0550,-0.0144,9.7220,1.4498,0.0069,0.0261,0.0388
4126,0.0335,0.0048,9.7077,1.4283,0.0064,0.0263,0.0377
4136,0.0335,-0.0096,9.6766,1.3902,0.0084,0.0286,0.0388
4146,0.0191,-0.0191,9.6550,1.3618,0.0105,0.0234,0.0379
4156,0.0455,-0.0096,9.7340,1.4336,0.0060,0.0278,0.0408
4166,0.0646,0.0024,9.7173,1.4097,0.0118,0.0266,0.0376
4176,0.0646,-0.0072,9.6814,1.3670,0.0070,0.0286,0.0412
4186,0.0144,-0.0215,9.6790,1.3577,0.0104,0.0240,0.0374
4196,0.0167,-0.0096,9.6622,1.3343,0.0078,0.0250,0.0382
4206,0.0359,-0.0263,9.6550,1.3205,0.0076,0.0278,0.0371
4216,0.0383,-0.0263,9.7579,1.4163,0.0104,0.0257,0.0380
4226,0.0239,-0.0096,9.7388,1.3901,0.0050,0.0263,0.0383
4236,0.0048,-0.0167,9.6526,1.2975,0.0099,0.0266,0.0411
4246,0.0550,-0.0120,9.7340,1.3719,0.0099,0.0278,0.0386
4256,0.0239,-0.0120,9.7436,1.3746,0.0061,0.0266,0.0779
4352,0.0766,0.0263,9.5593,1.1844,0.0035,0.0290,0.0406
4362,0.0646,-0.0215,9.6215,1.2404,0.0040,0.0267,0.0399
4372,0.0455,-0.0311,9.8321,1.4437,0.0069,0.0292,0.0386
4382,0.0263,-0.0144,9.7244,1.3293,0.0052,0.0243,0.0403
4392,0.0383,-0.0239,9.6168,1.2155,0.0066,0.0255,0.0394
4402,0.0191,-0.0120,9.6239,1.2166,0.0053,0.0269,0.0394
4412,0.0191,-0.0072,9.8034,1.3891,0.0073,0.0237,0.0370
4422,-0.0072,-0.0096,9.7843,1.3631,0.0108,0.0258,0.0377
4432,0.0287,0.0072,9.6144,1.1872,0.0086,0.0264,0.0400
4442,-0.0120,0.0000,9.6000,1.1670,0.0090,0.0284,0.0411
4452,0.0167,-0.0120,9.7268,1.2874,0.0086,0.0249,0.0363
4462,0.0455,-0.0096,9.7723,1.3262,0.0064,0.0250,0.0426
4472,0.0239,-0.0048,9.7508,1.2981,0.0099,0.0266,0.0377
4482,0.0263,0.0120,9.6694,1.2107,0.0086,0.0243,0.0392
4492,0.0574,-0.6078,9.6574,1.1927,0.0093,0.0269,0.0388
4502,0.0622,-0.0263,9.7005,1.2296,0.0063,0.0278,0.0396
4512,0.0574,-0.0072,9.7316,1.2544,0.0111,0.0290,0.0399
4522,0.0455,-0.0263,9.7412,1.2577,0.0086,0.0292,0.0008
4532,0.0790,0.0000,9.6838,1.1942,0.0084,0.0232,0.0386
4542,0.0598,-0.0263,9.6933,1.1978,0.0092,0.0252,0.0389
4552,0.0550,-0.0263,9.7173,1.2156,0.0092,0.0273,0.0385
4562,0.0263,-0.0167,9.7149,1.2071,0.0104,0.0270,0.0336
4572,0.0263,-0.0144,9.7388,1.2249,0.0087,0.0264,0.0354
4582,0.0263,-0.0048,9.6526,1.1331,0.0111,0.0255,0.0385
4592,0.0024,-0.0072,9.6335,1.1084,0.0110,0.0235,0.0418
4602,0.0144,-0.0096,9.6718,1.1409,0.0096,0.0237,0.0370
4612,0.0191,-0.0096,9.7316,1.1947,0.0069,0.0266,0.0373
4622,-0.0144,-0.0311,9.7412,1.1983,0.0082,0.0232,0.0406
4632,0.0239,-0.0120,9.6574,1.1090,0.0108,0.0295,0.0006
4642,0.0263,0.0000,9.6766,1.1225,0.0047,0.0223,0.0367
4652,0.0407,-0.0096,9.7388,1.1788,0.0082,0.0276,0.0377
4662,0.0550,-0.0072,9.7316,1.1657,0.0093,0.0276,0.0368
4672,0.0526,-0.0167,9.6814,1.1099,0.0092,0.0241,0.0388
4682,0.0550,0.0024,9.6622,1.0853,0.0099,0.0284,0.0405
4692,0.0861,-0.0287,9.7340,1.1513,0.0079,0.0244,0.0409
4702,0.0885,-0.0287,9.7053,1.1170,0.0073,0.0286,0.0373
4712,0.0766,-0.0263,9.7029,1.1090,0.0099,0.0286,0.0373
4722,0.0335,0.0072,9.7244,1.1249,0.0057,0.0293,0.0400
4732,0.0335,-0.0120,9.7029,1.0978,0.0098,0.0255,0.0391
4742,0.0263,-0.6078,9.6981,1.0876,0.0115,0.0237,0.0362
4752,0.0167,0.0024,9.7220,1.1060,0.0086,0.0275,0.0414
4762,0.0479,-0.0072,9.7579,1.1361,0.0070,0.0237,0.0373
4772,-0.5958,-0.0096,9.6718,1.0447,0.0072,0.0257,0.0434
4782,0.0072,-0.0239,9.7388,1.1062,0.0084,0.0279,0.0353
4792,0.0263,-0.0096,9.7364,1.0983,0.0067,0.0258,0.0391
4802,0.0215,-0.0263,9.7316,1.0880,0.0063,0.0229,0.0385
4812,0.0407,-0.0407,9.7101,1.0612,0.0118,0.0269,0.0373
4822,0.0455,-0.0239,9.6909,1.0368,0.0118,0.0257,0.0362
4832,0.0526,-0.0335,9.7196,1.0602,0.0107,0.0237,0.0379
4842,0.0287,-0.0096,9.7364,1.0716,0.0095,0.0247,0.0408
4852,0.0455,-0.0215,9.7173,1.0471,0.0090,0.0263,0.0411
4862,0.0455,-0.0191,9.7149,1.0395,0.0104,0.0228,0.0388
4872,0.0335,-0.0048,9.6574,0.9772,0.0072,0.0308,0.0368
4882,0.0742,0.0144,9.7077,1.0223,0.0095,0.0235,0.0399
4892,0.0455,-0.0024,9.7723,1.0815,0.0082,0.0257,0.0374
4902,0.0311,-0.0239,9.6670,0.9713,0.0089,0.0261,0.0392
4912,0.0263,0.0048,9.6861,0.9855,0.0037,0.0244,0.0383
4922,0.0598,-0.0048,9.7220,1.0163,0.0034,0.0272,0.0345
4932,0.0622,0.0048,9.6933,0.9826,0.0087,0.0240,0.0399
4942,0.0502,-0.0072,9.7220,1.0063,0.0099,0.0264,0.0394
4952,0.0526,-0.0167,9.7149,0.9941,0.0075,0.0264,0.0403
4962,0.0479,-0.0455,9.7125,0.9868,0.0093,0.0272,0.0409
4972,0.0239,-0.0239,9.7005,0.9699,0.0093,0.0235,0.0362
4982,-0.0024,-0.0048,9.7149,0.9794,0.0086,0.0243,0.0405
4992,0.0191,-0.0167,9.7077,0.9673,0.0081,0.0272,0.0382
5002,0.0479,-0.0191,9.7388,0.9934,0.0073,0.0261,0.0412
5012,0.0024,-0.0072,9.6909,0.9409,0.0101,0.0261,0.0397
5022,0.0431,0.0048,9.6455,0.8909,0.0102,0.0247,0.0376
5032,0.0431,0.0120,9.6790,0.9198,0.0066,0.0287,0.0391
5042,0.0335,-0.0144,9.6838,0.9200,0.0061,0.0254,0.0386
5052,0.0167,0.0072,9.7005,0.9320,0.0102,0.0266,0.0409
5062,0.0622,0.0144,9.7340,0.9607,0.0095,0.0255,0.0400
5072,0.0526,-0.0167,9.6838,0.9059,0.0082,0.0235,0.0408
5082,0.0837,-0.0120,9.7316,0.9490,0.0064,0.0257,0.0379
5092,0.0574,-0.0120,9.7436,0.9561,0.0108,0.0260,0.0402
5102,0.0670,-0.0120,9.6790,0.8871,0.0073,0.0264,0.0376
5112,0.0287,0.0024,9.6885,0.8922,0.0093,0.0267,0.0385
5122,0.0455,-0.0335,9.7364,0.9353,0.0044,0.0252,0.0394
5132,0.0215,-0.0239,9.6742,0.8687,0.0038,0.0260,0.0388
5142,0.0431,-0.0191,9.7388,0.9287,0.0110,0.0301,0.0386
5152,0.0048,-0.0144,9.7244,0.9098,0.0095,0.0258,0.0397
5162,0.0359,-0.0120,9.6694,0.8504,0.0064,0.0238,0.0383
5172,-0.0024,-0.0263,9.7196,0.8962,0.0127,0.0243,0.0389
5182,0.0024,-0.0144,9.6766,0.8489,0.0104,0.0272,0.0379
5192,0.0024,-0.0072,9.7149,0.8827,0.0087,0.0241,0.0402
5202,0.0191,-0.0167,9.7579,0.9211,0.0113,0.0272,0.0383
5212,0.0239,-0.0144,9.6287,0.7880,0.0079,0.0224,0.0388
5222,0.0670,-0.0072,9.7053,0.8602,0.0107,0.0261,0.0391
5232,0.0407,-0.0048,9.6957,0.8464,0.0072,0.0264,0.0367
5242,0.0550,-0.0263,9.7101,0.8564,0.0050,0.0279,0.0780
5252,0.0335,0.0024,9.7005,0.8426,0.0072,0.0247,0.0388
5262,0.0622,-0.0072,9.7029,0.8408,0.0069,0.0270,0.0379
5272,0.0455,-0.0144,9.6742,0.8080,0.0082,0.0267,0.0399
5282,0.0455,-0.0072,9.7436,0.8730,0.0089,0.0224,0.0388
5292,0.0526,0.0048,9.7364,0.8615,0.0090,0.0255,0.0386
5302,0.0455,0.0120,9.6526,0.7739,0.0063,0.0243,0.0377
5312,0.0120,0.0024,9.7005,0.8176,0.0105,0.0255,0.0396
5322,0.0335,-0.0096,9.6981,0.8112,0.0067,0.0226,0.0400
5332,0.0359,0.0024,9.6359,0.7452,0.0072,0.0243,0.0356
5342,0.0167,0.0000,9.7436,0.8486,0.0058,0.0252,0.0376
5438,0.0431,0.0120,9.6670,0.7682,0.0092,0.0284,0.0396
5448,0.0718,-0.0048,9.6838,0.7810,0.0067,0.0237,0.0391
5458,0.0359,-0.0263,9.6766,0.7700,0.0072,0.0240,0.0402
5468,0.0814,-0.0191,9.7173,0.8066,0.0087,0.0269,0.0402
5478,0.0718,0.0120,9.6598,0.7454,0.0089,0.0276,0.0392
5488,0.0622,0.0383,9.4205,0.5036,0.0035,0.0260,0.0402
5498,0.0646,0.1101,9.6383,0.7178,-0.0012,0.0333,0.0382
5508,0.0215,0.0981,9.7795,0.8546,-0.0046,0.0231,0.0014
5518,0.0455,-0.0048,9.6622,0.7337,0.0050,0.0295,0.0396
5528,0.0144,-0.0072,9.6861,0.7538,0.0110,0.0231,0.0421
5538,0.0144,0.0191,9.7531,0.8167,0.0089,0.0266,0.0370
5548,0.0407,-0.0144,9.5904,0.6508,0.0113,0.0247,0.0396
5558,0.0215,-0.0311,9.6622,0.7189,0.0128,0.0231,0.0389
5568,0.0335,-0.0096,9.7077,0.7606,0.0092,0.0272,0.0394
5578,0.0215,-0.0335,9.6335,0.6830,0.0115,0.0260,0.0385
5588,0.0383,-0.0335,9.6550,0.7010,0.0067,0.0235,0.0376
5598,0.0287,-0.0191,9.7651,0.8070,0.0084,0.0237,0.0351
5608,0.0383,-0.0144,9.7460,0.7839,0.0049,0.0295,0.0388
5618,0.0766,-0.0287,9.6383,0.6728,0.0104,0.0267,0.0360
5628,0.0335,0.0024,9.6742,0.7052,0.0082,0.0260,0.0434
5638,0.0479,-0.0048,9.6933,0.7207,0.0081,0.0224,0.0376
5648,0.0574,0.0000,9.7460,0.7695,0.0076,0.0287,0.0370
5658,0.0909,-0.0431,9.6694,0.6895,0.0087,0.0284,0.0392
5668,0.0335,-0.0191,9.6622,0.6789,0.0087,0.0235,0.0385
5678,0.0455,-0.0311,9.6694,0.6826,0.0075,0.0292,0.0392
5688,0.0096,-0.0407,9.7077,0.7173,0.0090,0.0243,0.0359
5698,0.0144,-0.0287,9.7077,0.7137,0.0081,0.0269,0.0396
5708,0.0311,-0.0024,9.7627,0.7649,0.0050,0.0240,0.0389
5718,0.0287,-0.0167,9.6455,0.6444,0.0069,0.0232,0.0403
5728,0.0335,-0.0167,9.6646,0.6602,0.0086,0.0258,0.0356
5738,0.0144,-0.0144,9.7244,0.7165,0.0098,0.0315,0.0399
5748,0.0167,0.0048,9.7220,0.7105,0.0070,0.0279,0.0380
5758,0.0144,0.0024,9.6909,0.6760,0.0072,0.0250,0.0370
5768,0.0335,-0.0072,9.6718,0.6536,0.0090,0.0286,0.0399
5778,0.0000,0.0000,9.7292,0.7074,0.0092,0.0279,0.0374
5788,0.0120,-0.0191,9.6694,0.6444,0.0104,0.0279,0.0373
5798,0.0550,0.0024,9.7244,0.6959,0.0089,0.0247,0.0365
5808,0.0502,-0.0215,9.6861,0.6543,0.0089,0.0226,0.0377
5818,0.0479,0.0048,9.6838,0.6487,0.0090,0.0263,0.0383
5828,0.0526,-0.0215,9.6909,0.6526,0.0066,0.0276,0.0362
5838,0.0742,0.5767,9.7149,0.6731,0.0095,0.0257,0.0396
5848,0.0359,-0.0263,9.7101,0.6650,0.0108,0.0272,0.0365
5858,0.0263,-0.0096,9.6598,0.6117,0.0089,0.0263,0.0376
5868,0.0287,0.0096,9.6550,0.6039,0.0075,0.0275,0.0414
5878,0.0526,0.0287,9.7268,0.6723,0.0089,0.0264,0.0382
5888,0.0287,-0.0072,9.6814,0.6237,0.0096,0.0249,0.0385
5898,0.0144,0.0167,9.7292,0.6682,0.0050,0.0295,0.0400
5908,0.0191,-0.0120,9.7149,0.6505,0.0086,0.0252,0.0388
5918,0.0191,-0.0024,9.6526,0.5854,0.0093,0.0293,0.0362
5928,0.0191,-0.0263,9.7005,0.6301,0.0125,0.0275,0.0402
5938,0.0311,-0.0096,9.6622,0.5888,0.0101,0.0243,0.0388
5948,0.0239,-0.0072,9.6933,0.6168,0.0072,0.0270,0.0382
5958,0.0263,-0.0239,9.7005,0.6209,0.0124,0.0252,0.0373
5968,0.0383,-0.0263,9.7173,0.6345,0.0070,0.0247,0.0370
5978,0.0335,-0.0550,9.7699,0.6837,0.0067,0.0284,0.0396
5988,0.0191,-0.0215,9.7316,0.6422,0.0092,0.0237,0.0385
5998,0.0718,-0.0048,9.7723,0.6794,0.0096,0.0244,0.0397
6008,0.0287,-0.0048,9.6694,0.5736,0.0118,0.0276,0.0371
6018,0.0598,-0.0120,9.6526,0.5541,0.0105,0.0261,0.0405
6028,0.0407,0.0120,9.7149,0.6132,0.0122,0.0270,0.0415
6038,0.0311,0.0024,9.6981,0.5935,0.0060,0.0278,0.0379
6048,0.0598,-0.0167,9.6957,0.5882,0.0073,0.0301,0.0376
6058,0.0120,-0.6006,9.6933,0.5828,0.0105,0.0290,0.0377
6068,0.0574,-0.0167,9.6766,0.5633,0.0082,0.0269,0.0383
6078,0.0120,-0.0167,9.6885,0.5723,0.0073,0.0286,0.0373
6088,0.0144,-0.0144,9.7053,0.5862,0.0027,0.0238,0.0018
6098,0.0191,-0.0215,9.6909,0.5689,0.0101,0.0270,0.0388
6108,0.0383,-0.0072,9.7029,0.5780,0.0115,0.0237,0.0357
6118,0.0287,-0.0167,9.6718,0.5442,0.0049,0.0255,0.0354
6128,0.0239,0.0000,9.7388,0.6081,0.0078,0.0270,0.0365
6138,0.0215,-0.0120,9.7196,0.5860,0.0063,0.0246,0.0386
6148,0.0144,-0.0120,9.7101,0.5736,0.0127,0.0283,0.0400
6158,0.0215,0.0000,9.6694,0.5302,0.0076,0.0260,0.0371
6168,0.0455,-0.0239,9.7149,0.5728,0.0075,0.0247,0.0403
6178,0.0072,0.0024,9.7220,0.5771,0.0105,0.0244,0.0391
6188,0.0120,0.0048,9.6909,0.5432,0.0079,0.0247,0.0409
6198,0.0502,-0.0167,9.7029,0.5524,0.0107,0.0229,0.0417
6208,0.0622,0.0000,9.6861,0.5330,0.0107,0.0261,0.0374
6218,0.0431,-0.0167,9.6742,0.5184,0.0084,0.0254,0.0385
6228,0.0694,-0.0431,9.7101,0.5516,0.0070,0.0257,0.0408
6238,0.0455,-0.0144,9.7460,0.5845,0.0064,0.0255,0.0391
6248,0.0742,-0.0239,9.7292,0.5649,0.0130,0.0235,0.0400
6258,0.0167,0.0024,9.6790,0.5121,0.0086,0.0292,0.0370
6268,0.0048,-0.0144,9.7029,0.5333,0.0055,0.0290,0.0397
6278,-0.0024,-0.0048,9.7173,0.5450,0.0078,0.0258,0.0376
6288,0.0072,-0.0263,9.7531,0.5780,0.0066,0.0261,0.0386
6298,0.0000,-0.0072,9.6622,0.4846,0.0093,0.0296,0.0356
6308,0.0287,-0.0072,9.6766,0.4965,0.0053,0.0281,0.0392
6318,0.0431,-0.0072,9.7125,0.5297,0.0055,0.0267,0.0385
6328,0.0526,-0.0311,9.6598,0.4747,0.0122,0.0296,0.0386
6338,0.0550,-0.0263,9.6766,0.4889,0.0115,0.0270,0.0367
6348,0.0359,-0.0120,9.7316,0.5413,0.0052,0.0283,0.0365
6358,0.0191,-0.0263,9.6431,0.4505,0.0049,0.0250,0.0385
6368,0.0311,-0.0191,9.6455,0.4506,0.0098,0.0261,0.0396
6378,0.0455,-0.0287,9.7388,0.5412,0.0090,0.0264,0.0386
6388,0.0359,-0.0096,9.6957,0.4956,0.0063,0.0260,0.0411
6398,0.0742,-0.0096,9.6909,0.4884,0.0067,0.0301,0.0353
6408,0.0550,0.0000,9.6885,0.4836,0.0057,0.0260,0.0347
6418,0.0526,-0.0096,9.6622,0.4550,0.0055,0.0264,0.0388
6428,0.0024,-0.0072,9.6718,0.4622,0.0081,0.0252,0.0394
6530,0.0167,-0.0335,9.6646,0.4528,0.0066,0.0252,0.0365
6540,0.0455,0.0000,9.6861,0.4719,0.0066,0.0254,0.0385
6550,0.0479,0.0000,9.6790,0.4624,0.0063,0.0228,0.0382
6560,0.0383,-0.0072,9.6957,0.4768,0.0075,0.0250,0.0374
6570,0.0239,0.0048,9.7077,0.4863,0.0124,0.0283,0.0412
6580,0.0909,-0.0120,9.6861,0.4624,0.0090,0.0264,0.0382
6590,0.0646,-0.0120,9.6933,0.4673,0.0113,0.0269,0.0386
6600,0.0287,-0.0120,9.6861,0.4578,0.0089,0.0255,0.0368
6610,0.0263,0.0144,9.7005,0.4698,0.0092,0.0258,0.0360
6620,0.0407,-0.0167,9.6909,0.4579,0.0086,0.0255,0.0376
6630,0.0407,-0.0120,9.7292,0.4937,0.0066,0.0273,0.0408
6640,0.0167,-0.0144,9.7149,0.4770,0.0061,0.0250,0.0396
6650,0.0263,-0.0263,9.7029,0.4627,0.0121,0.0266,0.0412
6660,0.0335,-0.0144,9.7268,0.4842,0.0084,0.0252,0.0412
6670,0.0407,-0.0287,10.4112,1.1627,0.0052,0.0250,0.0371
6680,0.0144,-0.0239,10.0403,0.7878,0.0107,0.0177,0.0411
6690,0.0502,-0.2321,8.7051,-0.5446,0.0252,0.0082,0.0380
6700,0.2225,-0.2512,8.8367,-0.4110,0.0234,0.0389,0.0370
6710,-0.0048,-0.0957,9.4732,0.2244,-0.0026,0.0238,0.0334
6720,0.0000,-0.0191,9.4493,0.1995,-0.0026,0.0269,0.0336
6730,0.0359,-0.0263,9.8776,0.6246,0.0086,0.0289,0.0351
6740,0.0670,-0.0359,9.9685,0.7120,0.0157,0.0281,0.0414
6750,0.0574,-0.0144,9.8201,0.5608,0.0145,0.0202,0.0396
6760,0.0263,0.0167,9.7149,0.4533,0.0122,0.0246,0.0391
6770,0.0383,0.0287,9.6191,0.3558,0.0055,0.0269,0.0402
6780,0.0263,0.0072,9.7771,0.5111,0.0075,0.0228,0.0365
6790,0.0359,-0.0144,9.8010,0.5324,0.0044,0.0263,0.0403
6800,0.0550,-0.0096,9.6383,0.3678,0.0130,0.0273,0.0418
6810,0.0263,-0.0215,9.6598,0.3874,0.0046,0.0243,0.0386
6820,0.0455,-0.0120,9.7029,0.4283,0.0058,0.0264,0.0328
6830,0.0359,-0.0502,9.7173,0.4405,0.0086,0.0281,0.0383
6840,0.0598,-0.0431,9.7268,0.4478,0.0104,0.0257,0.0380
6850,0.0407,-0.0311,9.7460,0.4646,0.0137,0.0276,0.0386
6860,0.0335,-0.0191,9.6096,0.3266,0.0078,0.0220,0.0389
6870,0.0335,-0.0167,9.6407,0.3559,0.0095,0.0289,0.0003
6880,0.0144,-0.0167,9.7651,0.4779,0.0078,0.0244,0.0377
6890,-0.0048,0.0072,10.3872,1.0945,0.0093,0.0267,0.0383
6900,0.0694,-0.0024,9.6550,0.3605,0.0069,0.0284,0.0339
6910,0.0215,-0.0048,9.6048,0.3087,0.0107,0.0269,0.0383
6920,0.0359,0.0191,9.6766,0.3786,0.0079,0.0283,0.0370
6930,0.0263,0.0048,9.7531,0.4529,0.0069,0.0302,0.0379
6940,0.0383,-0.0167,9.7747,0.4721,0.0115,0.0241,0.0374
6950,0.0359,-0.0383,9.7364,0.4316,0.0099,0.0278,0.0356
6960,0.0287,-0.0407,9.6526,0.3461,0.0102,0.0240,0.0408
6970,0.0144,-0.0359,9.6407,0.3325,0.0063,0.0244,0.0363
6980,0.0598,-0.0072,9.7651,0.4546,0.0096,0.0258,0.0391
6990,0.0239,-0.0144,9.7890,0.4762,0.0108,0.0241,0.0360
7000,0.0455,-0.0120,9.6598,0.3452,0.0070,0.0298,0.0362
7010,0.0383,0.0048,9.7053,0.3887,0.0116,0.0284,0.0357
7020,0.0550,-0.0072,9.7460,0.4273,0.0082,0.0257,0.0405
7030,0.0670,0.0287,9.7196,0.3989,0.0078,0.0243,0.0406
7040,-0.0096,0.0239,9.7555,0.4326,0.0099,0.0237,0.0380
7050,0.0096,0.0048,9.7005,0.3757,0.0102,0.0283,0.0402
7060,-0.0287,-0.5958,9.6455,0.3191,0.0052,0.0263,0.0370
7070,0.0096,-0.0048,9.7077,0.3794,0.0079,0.0292,0.0379
7080,0.0837,-0.0407,9.7627,0.4323,0.0061,0.0269,0.0385
7090,0.0431,-0.0287,9.7460,0.4134,0.0070,0.0231,0.0377
7100,0.0622,-0.0814,9.7053,0.3709,0.0099,0.0275,0.0345
7110,0.0096,0.0120,10.2963,0.9571,0.0060,0.0336,0.0371
7120,-0.3565,0.5456,10.6026,1.2571,-0.0197,0.0307,0.0319
7130,0.1316,0.0718,10.1767,0.8270,-0.0310,0.0113,0.0406
7140,0.3087,-0.1101,9.3751,0.0253,0.0160,0.0276,0.0388
7150,0.0239,-0.0814,9.2650,-0.0844,0.0122,0.0284,0.0409
7160,0.0359,0.0526,9.1860,-0.1625,0.0076,0.0252,0.0386
7170,-0.0646,0.0909,9.5809,0.2311,-0.0035,0.0315,0.0386
7180,0.0000,0.0024,9.8130,0.4609,0.0000,0.0211,0.0363
7190,0.0550,0.0287,9.6957,0.3420,0.0131,0.0267,0.0405
7200,0.0287,0.0598,9.4636,0.1093,0.0151,0.0260,0.0374
7210,0.0239,-0.0048,9.6957,0.3397,0.0084,0.0276,0.0400
7220,0.0263,-0.0263,9.8034,0.4451,0.0047,0.0257,0.0389
7230,0.0550,-0.0239,9.8584,0.4977,0.0137,0.0243,0.0006
7240,0.0861,-0.0742,9.6359,0.2738,0.0110,0.0243,0.0377
7250,0.0790,-0.1220,9.6096,0.2462,0.0079,0.0276,0.0363
7260,0.0598,-0.1005,9.6479,0.2831,0.0063,0.0273,0.0389
7270,0.0407,-0.0646,9.7795,0.4126,0.0096,0.0250,0.0385
7280,0.0718,-0.0383,9.7053,0.3367,0.0063,0.0263,0.0396
7290,0.0550,0.0024,9.6814,0.3112,0.0087,0.0266,0.0389
7300,0.0120,0.0335,9.6191,0.2478,0.0113,0.0260,0.0396
7310,0.0263,0.0909,9.7196,0.3465,0.0075,0.0244,0.0418
7320,-0.0096,0.0502,9.7531,0.3781,0.0090,0.0249,0.0367
7330,0.0311,0.0455,9.6670,0.2905,0.0098,0.0266,0.0371
7340,0.0383,0.0167,9.6814,0.3034,0.0066,0.0255,0.0764
7350,0.0191,-0.0096,9.6311,0.2519,0.0043,0.0283,0.0389
7360,0.0837,-0.0215,9.6120,0.2315,0.0067,0.0257,0.0368
7370,0.0455,-0.0670,9.7508,0.3685,0.0081,0.0269,0.0383
7380,0.0502,-0.0574,9.7771,0.3928,0.0069,0.0258,0.0391
7390,0.0502,-0.1029,9.6479,0.2623,0.0101,0.0250,0.0374
7400,0.0024,-0.0598,9.6742,0.2872,0.0070,0.0267,0.0402
7410,0.0144,-0.0383,9.7196,0.3310,0.0084,0.0255,0.0434
7420,0.0455,-0.0215,9.7196,0.3293,0.0064,0.0241,0.0380
7430,0.0263,0.0048,9.7364,0.3443,0.0096,0.0246,0.0370
7440,0.0167,0.0335,9.6885,0.2950,0.0087,0.0243,0.0365
7450,0.0263,0.0335,9.6359,0.2411,0.0115,0.0258,0.0777
7460,0.0694,0.0670,9.7531,0.3566,0.0086,0.0270,0.0405
7470,0.0359,0.0191,9.7460,0.3477,0.0084,0.0218,0.0379
7480,0.0479,0.0479,9.7005,0.3007,0.0098,0.0264,0.0380
7490,0.0622,-0.0144,9.6933,0.2921,0.0102,0.0255,0.0408
7500,0.0526,-0.0574,9.6718,0.2692,0.0107,0.0276,0.0405
7510,0.0670,-0.0359,9.7675,0.3631,0.0119,0.0254,0.0402
7520,0.0407,-0.0311,9.7890,0.3827,0.0047,0.0299,0.0391
7618,0.0646,0.0096,9.7436,0.3355,0.0072,0.0257,0.0385
7628,0.0335,0.0048,9.6550,0.2457,0.0102,0.0264,0.0409
7638,0.0383,-0.0144,9.6718,0.2612,0.0072,0.0244,0.0360
7648,0.0479,-0.0359,9.6981,0.2861,0.0086,0.0252,0.0391
7658,0.0742,-0.0263,9.7340,0.3204,0.0092,0.0237,0.0359
7668,0.0670,-0.0359,9.7029,0.2878,0.0104,0.0261,0.0344
7678,0.0431,-0.0455,9.6431,0.2268,0.0098,0.0273,0.0367
7688,0.0335,-0.0120,9.6479,0.2305,0.0044,0.0263,0.0421
7698,0.0144,-0.0287,9.6790,0.2603,0.0093,0.0287,0.0370
7708,0.0479,-0.0431,9.7173,0.2971,0.0070,0.0264,0.0385
7718,0.0622,-0.0072,9.7771,0.3551,0.0096,0.0302,0.0370
7728,0.0287,0.0215,9.6622,0.2390,0.0082,0.0226,0.0409
7738,0.0431,-0.0048,9.6766,0.2521,0.0095,0.0270,0.0374
7748,0.0479,0.0048,9.7149,0.2890,0.0116,0.0249,0.0394
7758,0.0239,0.0072,9.7627,0.3351,0.0055,0.0261,0.0391
7768,0.0144,-0.0048,9.6814,0.2525,0.0084,0.0260,0.0377
7778,0.0072,-0.0096,9.6598,0.2298,0.0096,0.0283,0.0392
7788,-0.0048,-0.0144,9.6766,0.2453,0.0089,0.0243,0.0388
7798,0.0359,-0.0215,9.6479,0.2155,0.0090,0.0235,0.0380
7808,0.0335,-0.0191,9.7603,0.3264,0.0087,0.0264,0.0377
7818,0.0335,-0.0383,9.7005,0.2652,0.0110,0.0279,0.0367
7828,0.0311,-0.0718,9.6407,0.2044,0.0098,0.0284,0.0376
7838,0.0191,-0.0359,9.6718,0.2343,0.0063,0.0247,0.0402
7848,0.0646,-0.0311,9.6909,0.2522,0.0057,0.0247,0.0362
7858,0.0526,-0.0167,9.7460,0.3057,0.0095,0.0289,0.0386
7868,0.0383,-0.0048,9.7531,0.3113,0.0066,0.0261,0.0373
7878,0.0718,0.0048,9.6670,0.2240,0.0136,0.0255,0.0370
7888,0.0455,0.0215,9.6957,0.2515,0.0073,0.0244,0.0394
7898,0.0431,0.0407,9.7412,0.2954,0.0104,0.0284,0.0408
7908,0.0335,0.0120,9.7340,0.2868,0.0081,0.0247,0.0386
7918,0.0335,0.0144,9.7196,0.2711,0.0116,0.0267,0.0392
7928,0.0526,-0.0024,9.6670,0.2174,0.0110,0.0261,0.0368
7938,0.0359,-0.0048,9.6718,0.2210,0.0087,0.0257,0.0386
7948,0.0359,-0.0263,9.6766,0.2247,0.0073,0.0255,0.0397
7958,0.0263,-0.0407,9.7579,0.3045,0.0084,0.0267,0.0382
7968,0.0072,-0.0383,9.7268,0.2720,0.0066,0.0261,0.0363
7978,0.0239,-0.0502,9.6455,0.1897,0.0105,0.0275,0.0392
7988,0.0598,-0.0144,9.6431,0.1864,0.0073,0.0267,0.0386
7998,0.0215,-0.0144,9.7125,0.2545,0.0082,0.0264,0.0374
8008,0.0072,0.0024,9.7603,0.3009,0.0079,0.0228,0.0353
8018,0.0239,0.0359,9.6742,0.2137,0.0095,0.0261,0.0360
8028,0.0431,0.0407,9.6718,0.2102,0.0076,0.0246,0.0412
8038,-0.0048,0.0167,9.7077,0.2449,0.0070,0.0290,0.0408
8048,0.0215,0.0048,9.7364,0.2722,0.0076,0.0260,0.0377
8058,0.0502,0.0072,9.7579,0.2923,0.0105,0.0258,0.0417
8068,0.0263,-0.0096,9.6814,0.2146,0.0070,0.0267,0.0376
8078,0.0574,-0.0431,9.6550,0.1874,0.0099,0.0246,0.0374
8088,0.0670,-0.0239,9.6526,0.1840,0.0072,0.0276,0.0409
8098,0.0790,-0.0598,9.7101,0.2403,0.0110,0.0272,0.0363
8108,0.0790,-0.0622,9.6957,0.2248,0.0089,0.0263,0.0376
8118,0.0766,-0.0048,9.7220,0.2498,0.0078,0.0266,0.0391
8128,0.0526,-0.0383,9.6670,0.1938,0.0104,0.0279,0.0370
8138,0.0455,-0.0072,9.6861,0.2119,0.0073,0.0254,0.0000
8148,0.0072,0.0120,9.7340,0.2585,0.0076,0.0292,0.0374
8158,0.0526,0.0048,9.6933,0.2167,0.0098,0.0247,0.0434
8168,0.0144,0.0144,9.6814,0.2037,0.0072,0.0264,0.0405
8178,-0.0024,0.0263,9.6957,0.2170,0.0072,0.0232,0.0394
8188,0.0144,-0.0096,9.6694,0.1897,0.0092,0.0260,0.0377
8198,0.0359,-0.0144,9.7101,0.2292,0.0142,0.0249,0.0391
8208,0.0144,-0.0263,9.7173,0.2352,0.0084,0.0228,0.0383
8218,0.0526,-0.0359,9.7149,0.2317,0.0086,0.0257,0.0383
8228,0.0239,-0.0167,9.7029,0.2186,0.0099,0.0249,0.0363
8238,0.0407,-0.0359,9.6861,0.2009,0.0102,0.0258,0.0409
8248,0.0598,-0.0311,9.6957,0.2094,0.0134,0.0234,0.0351
8258,0.0431,-0.0526,9.6885,0.2012,0.0092,0.0260,0.0382
8268,0.0191,-0.0191,9.6838,0.1954,0.0082,0.0286,0.0374
8278,0.0287,-0.0024,9.6838,0.1944,0.0113,0.0264,0.0392
8288,0.0287,0.0335,9.7196,0.2292,0.0084,0.0267,0.0405
8298,0.0574,0.0215,9.7125,0.2209,0.0093,0.0269,0.0420
8308,0.0407,0.0167,9.7053,0.2126,0.0095,0.0296,0.0396
8318,0.0526,-0.0072,9.7388,0.2449,0.0079,0.0261,0.0389
8328,0.0383,0.5958,9.7053,0.2104,0.0113,0.0286,0.0389
8338,0.0407,-0.0359,9.7627,0.2664,0.0111,0.0310,0.0382
8348,0.0407,-0.0263,9.7101,0.2127,0.0095,0.0238,0.0403
8358,0.0526,-0.0215,9.6598,0.1617,0.0067,0.0286,0.0002
8368,0.0239,-0.0598,9.7173,0.2180,0.0113,0.0283,0.0389
8378,0.0144,-0.0311,9.6957,0.1955,0.0075,0.0270,0.0388
8388,0.0167,-0.0550,9.6933,0.1921,0.0098,0.0269,0.0386
8398,0.0287,-0.0263,9.7077,0.2055,0.0043,0.0254,0.0392
8408,0.0096,-0.0191,9.6742,0.1711,0.0069,0.0257,0.0391
8418,0.0335,0.0000,9.6790,0.1750,0.0075,0.0289,0.0376
8428,0.0239,0.0000,9.7029,0.1979,0.0079,0.0296,0.0385
8438,0.0335,-0.0167,9.7196,0.2136,0.0086,0.0267,0.0379
8448,0.0431,0.0335,9.6814,0.1744,0.0073,0.0298,0.0377
8458,0.0359,0.0072,9.7125,0.2045,0.0137,0.0252,0.0377
8468,0.0335,-0.6006,9.6981,0.1892,0.0072,0.0270,0.0405
8478,0.0455,-0.0167,9.6981,0.1883,0.0084,0.0272,0.0414
8488,0.0694,-0.0263,9.7220,0.2111,0.0076,0.0266,0.0392
8498,0.0598,-0.0287,9.6742,0.1625,0.0116,0.0290,0.0373
8508,0.0191,-0.0359,9.7388,0.2259,0.0092,0.0264,0.0403
8518,0.0431,-0.0287,9.6790,0.1653,0.0096,0.0264,0.0376
8528,0.0455,-0.0263,9.6790,0.1645,0.0128,0.0261,0.0383
8538,0.0287,-0.0215,9.7340,0.2184,0.0115,0.0266,0.0411
8548,0.0239,-0.0215,9.7173,0.2006,0.0052,0.0266,0.0373
8558,0.0287,0.0000,9.7029,0.1854,0.0029,0.0266,0.0403
8568,0.0263,0.0191,9.7077,0.1892,0.0119,0.0263,0.0380
8578,0.0287,-0.0096,9.6981,0.1787,0.0047,0.0266,0.0434
8588,0.0550,0.0359,9.7029,0.1826,0.0073,0.0235,0.0367
8598,0.0263,-0.0024,9.6957,0.1745,0.0090,0.0272,0.0367
8608,0.0120,-0.0072,9.6885,0.1665,0.0086,0.0263,0.0400
8706,0.0790,-0.0167,9.6861,0.1633,0.0069,0.0252,0.0388
8716,0.0287,0.0072,9.7173,0.1934,0.0052,0.0261,0.0353
8726,0.0239,-0.0191,9.7029,0.1782,0.0073,0.0267,0.0391
8736,0.0502,0.0000,9.6455,0.1202,0.0087,0.0254,0.0396
8746,0.0431,0.0048,9.7149,0.1886,0.0099,0.0243,0.0389
8756,0.0431,0.0000,9.7053,0.1781,0.0119,0.0252,0.0383
8766,0.0335,-0.5982,9.6622,0.1344,0.0124,0.0240,0.0391
8776,0.0096,0.0072,9.7244,0.1956,0.0041,0.0261,0.0377
8786,0.0144,0.0024,9.7292,0.1994,0.0082,0.0292,0.0374
8796,0.0215,-0.0120,9.7244,0.1936,0.0116,0.0287,0.0377
8806,0.0311,-0.0574,9.6885,0.1570,0.0092,0.0266,0.0406
8816,0.0191,-0.0167,9.7340,0.2014,0.0053,0.0315,0.0351
8826,0.0167,-0.0167,9.7364,0.2028,0.0099,0.0240,0.0382
8836,0.0215,-0.0335,9.7364,0.2018,0.0073,0.0264,0.0357
8846,0.0455,-0.0215,9.7101,0.1746,0.0102,0.0243,0.0383
8856,0.0335,-0.0144,9.7316,0.1951,0.0086,0.0247,0.0363
8866,0.0479,-0.0120,9.7603,0.2227,0.0043,0.0260,0.0382
8876,0.0167,0.1005,9.3799,-0.1570,0.0053,0.0333,0.0386
8886,0.0694,0.3230,9.6861,0.1486,-0.0110,0.0447,0.0307
8896,0.0359,0.2560,10.1432,0.6026,-0.0144,0.0212,0.0403
8906,0.1484,0.0096,9.8106,0.2686,0.0086,0.0270,0.0397
8916,0.0718,-0.0526,9.5833,0.0411,0.0119,0.0257,0.0383
8926,0.0167,0.0431,9.2770,-0.2638,0.0142,0.0237,0.0391
8936,0.0120,-0.0239,9.3535,-0.1863,0.0076,0.0316,0.0405
8946,0.0120,0.0024,9.6503,0.1098,0.0006,0.0270,0.0379
8956,0.0479,-0.0239,9.6861,0.1450,0.0035,0.0287,0.0367
8966,0.0431,-0.0574,9.6503,0.1085,0.0134,0.0270,0.0385
8976,0.0502,-0.0120,9.6598,0.1175,0.0111,0.0281,0.0417
8986,0.0837,-0.0096,9.7531,0.2098,0.0066,0.0250,0.0382
8996,0.0550,-0.0239,9.8154,0.2706,0.0050,0.0246,0.0386
9006,0.0598,-0.0335,9.7077,0.1622,0.0072,0.0263,0.0374
9016,0.0407,-0.0191,9.6933,0.1471,0.0082,0.0261,0.0412
9026,0.0622,0.0215,9.6479,0.1011,0.0055,0.0267,0.0389
9036,0.0407,-0.0024,9.7579,0.2101,0.0053,0.0263,0.0388
9046,0.0335,0.0120,9.7101,0.1614,0.0075,0.0279,0.0425
9056,0.0120,0.0024,9.7005,0.1511,0.0073,0.0249,0.0383
9066,0.0431,0.0167,9.6383,0.0884,0.0089,0.0283,0.0341
9076,-0.0167,-0.0072,9.7196,0.1689,0.0061,0.0258,0.0399
9086,0.0455,-0.0024,9.7603,0.2086,0.0105,0.0247,0.0370
9096,0.0263,-0.0048,9.6981,0.1456,0.0078,0.0281,0.0367
9106,0.0502,-0.0407,9.7005,0.1473,0.0066,0.0278,0.0412
9116,0.0311,-0.0335,9.6574,0.1037,0.0096,0.0267,0.0365
9126,0.0550,-0.0526,9.7292,0.1746,0.0111,0.0266,0.0403
9136,0.0766,-0.0287,9.7388,0.1833,0.0102,0.0261,0.0382
9146,0.0431,-0.0191,9.7125,0.1561,0.0067,0.0275,0.0380
9156,0.0670,-0.0167,9.6814,0.1244,0.0082,0.0278,0.0341
9166,0.0646,0.0120,9.6718,0.1143,0.0102,0.0322,0.0368
9176,0.0215,0.0024,9.7196,0.1613,0.0073,0.0237,0.0368
9186,-0.5815,0.0096,9.7364,0.1772,0.0082,0.0260,0.0394
9196,0.0072,0.0431,9.7173,0.1572,0.0070,0.0269,0.0376
9206,0.0287,-0.0096,9.6503,0.0898,0.0063,0.0249,0.0405
9216,0.0215,0.0072,9.7196,0.1584,0.0098,0.0275,0.0409
9226,0.0335,-0.0167,9.7579,0.1957,0.0092,0.0270,0.0389
9236,0.0502,-0.0311,9.7292,0.1661,0.0092,0.0264,0.0385
9246,0.0502,-0.0287,9.7149,0.1510,0.0072,0.0260,0.0392
9256,0.0479,-0.0287,9.7125,0.1479,0.0110,0.0246,0.0382
9266,0.0431,-0.0359,9.6718,0.1067,0.0125,0.0234,0.0412
9276,0.0407,-0.0574,9.7268,0.1609,0.0060,0.0260,0.0391
9286,0.1053,-0.0215,10.1121,0.5434,0.0096,0.0315,0.0397
9296,0.3805,0.6532,10.5523,0.9788,-0.0104,0.0338,0.0362
9306,0.0718,0.2728,10.8826,1.3024,-0.0391,0.0156,0.0426
9316,0.1244,-0.1603,9.9087,0.3269,0.0142,0.0215,0.0420
9326,-0.0048,-0.1579,9.4373,-0.1437,0.0211,0.0243,0.0377
9336,0.0574,0.0096,9.2578,-0.3216,0.0118,0.0278,0.0376
9346,0.0479,0.0790,9.4014,-0.1771,-0.0029,0.0278,0.0370
9356,0.0144,-0.0191,9.7723,0.1928,0.0014,0.0252,0.0356
9366,0.0383,-0.0287,9.7866,0.2061,0.0047,0.0235,0.0379
9376,0.0455,-0.0215,9.6790,0.0979,0.0156,0.0267,0.0780
9386,0.0024,-0.0215,9.6335,0.0522,0.0093,0.0263,0.0409
9396,0.0598,-0.0215,9.7220,0.1400,0.0072,0.0235,0.0415
9406,0.0479,-0.0311,9.7340,0.1512,0.0090,0.0235,0.0389
9416,0.0455,-0.0072,9.7364,0.1529,0.0089,0.0270,0.0371
9426,0.0191,-0.0144,9.6981,0.1140,0.0087,0.0252,0.0362
9436,0.0335,-0.0287,9.6431,0.0587,0.0075,0.0238,0.0386
9446,0.0383,0.0048,9.7771,0.1917,0.0092,0.0267,0.0379
9456,0.0263,-0.0359,9.7292,0.1431,0.0072,0.0226,0.0392
9466,0.0263,-0.0144,9.7053,0.1186,0.0070,0.0276,0.0370
9476,0.0455,-0.0096,9.6885,0.1014,0.0067,0.0261,0.0385
9486,0.0383,0.6030,9.6407,0.0532,0.0119,0.0266,0.0388
9496,0.0407,-0.0144,9.7077,0.1196,0.0047,0.0249,0.0377
9506,0.0215,0.0024,9.7579,0.1690,0.0086,0.0272,0.0388
9516,0.0239,-0.0215,9.7484,0.1587,0.0070,0.0257,0.0762
9526,0.0407,-0.0096,9.7173,0.1269,0.0099,0.0270,0.0392
9536,0.0431,-0.0239,9.7029,0.1120,0.0043,0.0244,0.0391
9546,0.0502,-0.0239,9.7029,0.1114,0.0090,0.0249,0.0382
9556,0.0335,-0.0024,9.7077,0.1156,0.0099,0.0247,0.0382
9566,0.0311,-0.0167,9.7484,0.1555,0.0087,0.0275,0.0400
9576,0.0191,0.0024,9.6766,0.0833,0.0072,0.0275,0.0406
9586,0.0383,-0.0191,9.6981,0.1043,0.0102,0.0250,0.0367
9596,0.0335,0.0120,9.7149,0.1205,0.0072,0.0267,0.0354
9606,0.0383,-0.0024,9.7125,0.1175,0.0102,0.0238,0.0402
9616,0.0239,0.0000,9.7149,0.1193,0.0092,0.0243,0.0396
9626,0.0096,-0.0072,9.6885,0.0925,0.0099,0.0261,0.0389
9636,0.0479,0.0000,9.6814,0.0849,0.0104,0.0327,0.0383
9646,0.0502,0.0024,9.7244,0.1273,0.0131,0.0254,0.0385
9656,0.0287,-0.0311,9.7173,0.1196,0.0072,0.0270,0.0383
9666,0.0287,-0.0383,9.6957,0.0975,0.0110,0.0283,0.0414
9676,0.0359,-0.0024,9.6479,0.0494,0.0072,0.0267,0.0392
9686,0.0335,-0.0263,9.6622,0.0635,0.0072,0.0258,0.0421
9696,0.0311,-0.0096,9.7196,0.1203,0.0086,0.0252,0.0360
9790,0.0550,-0.0287,9.7651,0.1649,0.0128,0.0257,0.0383
9800,0.0287,-0.0144,9.6957,0.0951,0.0122,0.0267,0.0382
9810,0.0407,-0.0167,9.6646,0.0636,0.0145,0.0266,0.0382
9820,0.0335,-0.0287,9.7484,0.1466,0.0089,0.0272,0.0403
9830,0.0335,-0.6126,9.7173,0.1150,0.0079,0.0255,0.0402
9840,0.0144,-0.0120,9.6598,0.0572,0.0119,0.0246,0.0402
9850,0.0239,-0.0120,9.7436,0.1403,0.0078,0.0244,0.0376
9860,0.0120,-0.0120,9.7244,0.1205,0.0044,0.0258,0.0356
9870,0.0359,-0.0239,9.6694,0.0652,0.0066,0.0232,0.0382
9880,0.0096,-0.0311,9.7531,0.1482,0.0078,0.0250,0.0376
9890,0.0263,-0.0311,9.6742,0.0689,0.0108,0.0266,0.0386
9900,0.0215,-0.0167,9.7268,0.1209,0.0128,0.0264,0.0365
9910,0.0455,-0.0191,9.7149,0.1084,0.0092,0.0283,0.0373
9920,0.0383,-0.0359,9.7220,0.1150,0.0070,0.0336,0.0394
9930,0.0335,-0.0096,9.6957,0.0882,0.0111,0.0235,0.0388
9940,0.0215,-0.0024,9.7412,0.1330,0.0073,0.0272,0.0428
9950,0.0455,-0.0048,9.6957,0.0871,0.0096,0.0270,0.0382
9960,0.0359,-0.0120,9.7268,0.1176,0.0119,0.0283,0.0379
9970,0.0694,-0.0287,9.7388,0.1290,0.0090,0.0217,0.0363
9980,0.0335,-0.0120,9.7125,0.1021,0.0136,0.0258,0.0400
9990,0.0287,-0.0191,9.6838,0.0730,0.0115,0.0244,0.0380
10000,0.0407,-0.0024,9.6646,0.0536,0.0023,0.0228,0.0353
10010,0.0215,0.0120,9.6933,0.0819,0.0079,0.0240,0.0370
10020,0.0407,-0.0263,9.7627,0.1506,0.0101,0.0237,0.0382
10030,0.0311,-0.0191,9.6933,0.0808,0.0098,0.0247,0.0342
10040,0.0120,-0.0120,9.7220,0.1089,0.0079,0.0261,0.0368
10050,0.0335,-0.0120,9.7196,0.1060,0.0127,0.0243,0.0359
10060,0.0455,-0.0215,9.6838,0.0698,0.0099,0.0261,0.0380
10070,0.0431,-0.0215,9.6838,0.0694,0.0073,0.0278,0.0388
10080,0.0096,-0.0263,9.7005,0.0857,0.0073,0.0281,0.0765
10090,0.0311,-0.0072,9.7005,0.0853,0.0111,0.0263,0.0356
10100,0.0096,-0.0215,9.7220,0.1063,0.0070,0.0232,0.0367
10110,0.0263,-0.0287,9.7149,0.0986,0.0069,0.0287,0.0409
10120,0.0670,-0.0239,9.7316,0.1148,0.0116,0.0270,0.0373
10130,0.0383,-0.0215,9.6622,0.0452,0.0052,0.0243,0.0370
10140,0.0335,-0.0048,9.7651,0.1473,0.0098,0.0299,0.0373
10150,0.0383,-0.0144,9.7196,0.1014,0.0099,0.0286,0.0380
10160,0.0550,-0.0120,9.6598,0.0413,0.0081,0.0290,0.0409
10170,0.0574,-0.0120,9.7316,0.1126,0.0075,0.0228,0.0408
10180,0.0359,0.0024,9.6957,0.0763,0.0061,0.0275,0.0403
10190,0.0215,-0.0287,9.6694,0.0497,0.0079,0.0266,0.0394
10200,0.0646,-0.0048,9.6933,0.0733,0.0110,0.0263,0.0386
10210,0.0072,-0.0215,9.6909,0.0705,0.0092,0.0231,0.0386
10220,0.0096,-0.0072,9.6885,0.0678,0.0099,0.0272,0.0342
10230,0.0144,-0.0191,9.7508,0.1294,0.0076,0.0273,0.0403
10240,0.0239,-0.0263,9.6766,0.0549,0.0119,0.0263,0.0402
10250,0.0287,-0.0359,9.6287,0.0070,0.0095,0.0267,0.0374
10260,0.0646,-0.0167,9.7436,0.1213,0.0061,0.0269,0.0357
10270,0.0120,-0.0407,9.7412,0.1183,0.0087,0.0272,0.0409
10280,0.0287,-0.0263,9.6838,0.0605,0.0096,0.0255,0.0388
10290,0.0431,-0.0024,9.6838,0.0602,0.0098,0.0287,0.0379
10300,0.0144,-0.6078,9.7149,0.0909,0.0075,0.0238,0.0409
10310,0.0263,-0.0048,9.7436,0.1190,0.0087,0.0263,0.0380
10320,0.0550,0.0287,9.7125,0.0875,0.0093,0.0266,0.0392
10330,0.0598,-0.0048,9.6718,0.0465,0.0102,0.0260,0.0380
10340,0.0479,-0.0096,9.7196,0.0939,0.0102,0.0286,0.0380
10350,0.0191,-0.0072,9.6885,0.0625,0.0053,0.0269,0.0394
10360,0.0622,-0.0144,9.7005,0.0741,0.0093,0.0250,0.0350
10370,0.0263,-0.0311,9.6742,0.0475,0.0073,0.0284,0.0400
10380,0.0359,-0.0239,9.7555,0.1283,0.0089,0.0276,0.0368
10390,0.0239,-0.0335,9.6335,0.0062,0.0131,0.0301,0.0405
10400,0.0311,-0.0287,9.6574,0.0300,0.0108,0.0247,0.0382
10410,0.0335,-0.0287,9.7412,0.1131,0.0098,0.0284,0.0368
10420,0.0096,-0.0144,9.7412,0.1126,0.0078,0.0307,0.0365
10430,0.0598,-0.0167,9.6766,0.0477,0.0096,0.0254,0.0380
10440,0.0311,0.0191,9.6814,0.0523,0.0096,0.0275,0.0777
10450,0.0096,-0.0096,9.6981,0.0687,0.0111,0.0257,0.0374
10460,0.0694,0.0144,9.7388,0.1088,0.0108,0.0247,0.0360
10470,0.0191,-0.0120,9.7101,0.0797,0.0082,0.0254,0.0370
10480,0.0622,-0.0144,9.7149,0.0840,0.0127,0.0254,0.0394
10490,0.0263,0.0000,9.7053,0.0741,0.0090,0.0241,0.0397
10500,0.0574,-0.0096,9.6981,0.0666,0.0084,0.0313,0.0412
10510,0.0479,-0.0287,9.6861,0.0543,0.0101,0.0269,0.0370
10520,0.0598,-0.0096,9.7508,0.1184,0.0089,0.0270,0.0373
10530,0.0407,-0.0144,9.6981,0.0654,0.0060,0.0272,0.0399
10540,0.0359,-0.0120,9.6718,0.0389,0.0125,0.0243,0.0374
10550,0.0215,0.0000,9.7029,0.0696,0.0108,0.0278,0.0380
10560,0.0311,-0.0239,9.7268,0.0931,0.0089,0.0273,0.0396
10570,0.0215,-0.0048,9.7364,0.1021,0.0079,0.0254,0.0431
10580,0.0072,-0.0191,9.7484,0.1135,0.0078,0.0232,0.0376
10590,0.0191,-0.0287,9.6526,0.0177,0.0099,0.0295,0.0385
10600,0.0335,-0.0096,9.6957,0.0605,0.0142,0.0240,0.0379
10610,0.0407,-0.0144,9.7699,0.1340,0.0101,0.0283,0.0376
10620,0.0144,-0.0215,9.7268,0.0905,0.0107,0.0235,0.0431
10630,0.0120,-0.0072,9.6383,0.0019,0.0099,0.0292,0.0394
10640,0.0239,-0.0191,9.7125,0.0757,0.0095,0.0270,0.0392
10650,0.0502,-0.0024,9.6694,0.0325,0.0050,0.0247,0.0391
10660,0.0502,-0.0383,9.6431,0.0061,0.0095,0.0263,0.0411
10670,0.0144,0.0096,9.8154,0.1775,0.0090,0.0273,0.0370
10680,0.0215,0.0215,9.6981,0.0600,0.0105,0.0264,0.0402
10690,0.0359,-0.0239,9.5378,-0.0998,0.0150,0.0287,0.0370
10700,0.0191,-0.0191,9.6742,0.0364,0.0093,0.0279,0.0411
10710,0.0263,0.0024,10.4016,0.7600,0.0095,0.0261,0.0392
10720,0.5480,-0.0502,9.6574,0.0157,0.0090,0.0267,0.0402
10730,0.0335,-0.0383,9.6526,0.0109,0.0160,0.0247,0.0409
10740,0.0502,0.0048,9.7531,0.1108,0.0107,0.0246,0.0383
10750,0.0335,-0.0072,9.7723,0.1293,0.0079,0.0250,0.0365
10760,0.0335,-0.0263,9.5856,-0.0570,0.0134,0.0279,0.0386
10770,0.0383,-0.0191,9.5713,-0.0710,0.0096,0.0290,0.0379
10780,0.0670,-0.0120,9.7986,0.1555,0.0101,0.0249,0.0379
10899,-0.2201,1.4836,9.7244,0.0809,0.0147,0.0270,0.5388
10909,-0.6628,1.2275,9.5785,-0.0647,0.0131,0.0269,0.6681
10919,-2.2421,-1.4118,9.2291,-0.4120,-0.0182,0.0241,0.6429
10929,-0.2656,-3.5557,10.2532,0.6091,0.0646,0.0173,-0.1161
10939,-0.4403,-1.3161,9.4923,-0.1511,0.0246,0.0118,-0.1506
10949,-0.8088,-1.6128,9.5498,-0.0932,0.0066,-0.0191,0.0680
10959,-0.8040,-0.9906,8.5831,-1.0546,0.0228,-0.0258,0.2465
10969,-0.8758,-0.5192,8.9372,-0.6969,0.0078,-0.1225,0.4378
10979,0.4786,-0.1196,3.4170,-6.1861,0.1003,-0.3769,0.5695
10989,0.4690,1.4261,14.3737,4.7468,0.0507,0.0896,0.4287
10999,-1.5721,0.0431,4.5464,-5.0551,0.0194,0.0168,0.4852
11009,-0.0311,0.5767,14.4215,4.7959,0.0104,-0.1264,0.4084
11019,-0.8734,0.6150,7.2335,-2.3801,0.0162,0.0974,0.3694
11029,-0.2010,0.4164,10.8802,1.2602,-0.0328,-0.0646,0.3673
11039,-0.3350,0.7920,9.7029,0.0825,0.0108,0.0133,0.3548
11049,-0.1986,0.3876,9.7340,0.1130,0.0081,-0.0284,0.3474
11059,-0.5432,0.5456,9.7388,0.1172,-0.0023,-0.0224,0.3520
11069,-0.7322,0.1866,9.8943,0.2714,-0.0093,-0.0399,0.3586
11079,-0.6365,0.4642,9.8154,0.1915,-0.0218,-0.0409,0.3604
11089,-0.4020,0.0694,9.6263,0.0024,0.0050,-0.0632,0.3737
11099,-0.1364,-0.0670,9.8034,0.1786,0.0304,-0.0790,0.3833
11109,-0.0790,-0.1172,9.4301,-0.1937,0.0432,-0.0808,0.4227
11119,-0.0550,-0.2417,9.6287,0.0049,0.0570,-0.0915,0.4554
11129,-0.1388,-0.1699,9.4636,-0.1594,0.0142,-0.1087,0.4954
11139,-0.2536,-0.4068,9.6981,0.0747,-0.0191,-0.1512,0.5501
11149,-0.6461,-0.1484,9.6646,0.0410,0.0168,-0.1530,0.5815
11159,0.3182,-0.0742,10.0642,0.4384,0.1237,-0.0154,0.5817
11169,-0.6102,0.2106,9.7220,0.0957,-0.0082,0.0229,0.5563
11179,-0.3039,0.2704,9.8178,0.1905,0.0040,0.0205,0.4811
11189,-0.3900,-0.0191,9.2315,-0.3938,0.0562,0.0261,0.4133
11199,-0.1555,-0.2489,9.5258,-0.0990,0.0573,0.0269,0.3816
11209,0.1819,-0.2034,9.4349,-0.1889,0.0570,0.0231,0.3691
11219,0.7059,-0.2201,9.9541,0.3287,0.0183,0.0235,0.3703
11229,0.7681,-0.1795,9.7771,0.1508,0.0102,0.0224,0.4021
11239,0.6652,0.1699,9.7986,0.1715,-0.0156,0.0243,0.4647
11249,0.3565,0.3087,9.8536,0.2254,-0.0385,0.0273,0.4462
11259,-0.3230,0.3398,9.2004,-0.4257,-0.0313,0.0250,0.4574
11269,-0.2130,0.3733,9.7196,0.0931,-0.0125,0.0228,0.4699
11279,-0.3350,0.3757,9.5067,-0.1193,-0.0231,0.0221,0.4543
11289,0.0359,0.4881,9.7364,0.1099,-0.0058,0.0269,0.4497
11299,-0.1220,-0.0072,9.5545,-0.0716,0.0316,0.0229,0.4378
11309,0.0861,-0.3470,9.6814,0.0549,0.0588,0.0244,0.4685
11319,1.1868,-0.5264,9.8082,0.1808,0.0657,0.0252,0.4336
11329,1.3878,-0.5838,9.7340,0.1061,0.0742,0.0257,0.2949
11339,1.5697,-0.7872,9.7843,0.1556,0.0140,0.0241,0.1797
11349,1.2491,-0.7178,9.6694,0.0405,0.0502,0.0243,0.1167
11359,1.1749,-0.6245,9.8010,0.1713,-0.0267,0.0250,0.0732
11369,0.9595,-0.6221,9.6168,-0.0129,0.0084,0.0234,0.0544
11379,-0.1747,-0.1388,9.6909,0.0610,0.0011,0.0238,0.0012
11389,-0.1220,-0.0287,9.7531,0.1226,0.0018,0.0283,0.0379
11399,-0.1627,-0.0096,9.7029,0.0720,-0.0018,0.0270,0.0402
11409,-0.1531,-0.0550,9.7268,0.0954,0.0166,0.0254,0.0351
11419,-0.1747,-0.0167,9.6383,0.0068,0.0082,0.0258,0.0360
11429,-0.1962,-0.0502,9.7627,0.1306,0.0044,0.0275,0.0341
11439,-0.1579,-0.0072,9.7005,0.0681,0.0066,0.0276,0.0380
11449,-0.1962,0.0096,9.7340,0.1010,0.0134,0.0226,0.0362
11459,-0.1507,-0.0407,9.6191,-0.0137,0.0124,0.0273,0.0342
11469,-0.1555,-0.0048,9.6885,0.0554,0.0092,0.0243,0.0376
11479,-0.1005,-0.0144,9.6957,0.0622,0.0082,0.0217,0.0347
11489,-0.1603,-0.0574,9.7220,0.0881,0.0070,0.0220,0.0396
11499,-0.0861,-0.0263,9.7053,0.0710,0.0105,0.0296,0.0359
11509,-0.1507,-0.0550,9.6838,0.0492,0.0064,0.0305,0.0382
11519,-0.1412,-0.0263,9.7292,0.0942,0.0034,0.0260,0.0365
11529,-0.1244,-0.0239,9.7077,0.0723,0.0049,0.0258,0.0385
11539,-0.1484,-0.0311,9.6885,0.0529,0.0076,0.0231,0.0377
11549,-0.2058,-0.0120,9.6790,0.0431,0.0061,0.0261,0.0373
11559,-0.1651,-0.0024,9.7053,0.0691,0.0086,0.0292,0.0385
11569,-0.1555,0.0024,9.7244,0.0878,0.0076,0.0286,0.0365
11579,-0.1699,-0.0215,9.7101,0.0731,0.0073,0.0286,0.0394
11589,-0.1555,-0.0191,9.7077,0.0703,0.0101,0.0278,0.0365
11599,-0.1388,-0.0191,9.7125,0.0747,0.0090,0.0266,0.0005
11609,-0.1651,-0.0167,9.7340,0.0958,0.0093,0.0240,0.0376
11619,-0.1507,-0.0598,9.6646,0.0263,0.0063,0.0237,0.0365
11629,-0.1388,-0.0191,9.6814,0.0428,0.0058,0.0237,0.0396
11639,-0.1484,-0.0263,9.7531,0.1140,0.0084,0.0267,0.0365
11649,-0.2560,-0.0455,9.7149,0.0753,0.0075,0.0273,0.0392
11659,-0.2536,-0.0144,9.5665,-0.0726,0.0072,0.0232,0.0382
11669,-0.1531,-0.0144,9.6838,0.0444,0.0064,0.0270,0.0385
11679,-0.1795,-0.0144,9.7364,0.0965,0.0072,0.0252,0.0408
11689,-0.0670,-0.0287,9.7771,0.1365,0.0098,0.0266,0.0382
11699,-0.1292,0.0287,9.6335,-0.0070,0.0067,0.0263,0.0386
11709,-0.1388,-0.0383,9.8082,0.1668,0.0105,0.0211,0.0360
11719,-0.1244,-0.0455,9.7771,0.1350,0.0072,0.0255,0.0405
11729,-0.1531,-0.0407,9.7508,0.1082,0.0107,0.0281,0.0377
11739,-0.1555,-0.0144,9.6574,0.0148,0.0046,0.0220,0.0385
11749,-0.1412,0.0048,9.6646,0.0219,0.0095,0.0257,0.0360
11759,-0.1890,-0.0287,9.7077,0.0646,0.0024,0.0241,0.0423
11769,-0.0885,-0.0407,9.7053,0.0619,0.0119,0.0283,0.0374
11779,-0.1962,-0.0263,9.7125,0.0687,0.0092,0.0228,0.0411
11789,-0.1699,-0.0120,9.7196,0.0755,0.0069,0.0234,0.0371
11799,-0.1699,-0.0167,9.7364,0.0918,0.0089,0.0267,0.0368
11809,-0.1531,-0.0598,9.7196,0.0747,0.0131,0.0249,0.0400
11819,-0.1819,-0.0574,9.7268,0.0815,0.0119,0.0264,0.0391
11829,-0.1866,-0.0167,9.7220,0.0763,0.0037,0.0283,0.0377
11839,-0.1340,-0.0191,9.6383,-0.0074,0.0099,0.0263,0.0363
11849,-0.1436,-0.0311,9.7244,0.0783,0.0119,0.0263,0.0774
11859,-0.1268,-0.0502,9.6742,0.0279,0.0128,0.0255,0.0370
11869,-0.0981,-0.0335,9.6287,-0.0174,0.0067,0.0292,0.0376
11879,-0.1555,-0.0144,9.7220,0.0755,0.0060,0.0308,0.0388
11889,-0.1268,0.0024,9.7890,0.1418,0.0107,0.0260,0.0388
12022,-0.2082,-0.0287,9.7890,0.1411,0.0002,0.0261,0.0417
12032,-0.1149,-0.0096,9.8369,0.1880,0.0018,0.0272,0.0362
12042,-0.1579,-0.0024,9.6383,-0.0106,0.0136,0.0252,0.0367
12052,-0.1507,-0.0144,9.5928,-0.0557,0.0139,0.0267,0.0368
12062,-0.1771,-0.0239,9.6168,-0.0316,0.0090,0.0258,0.0392
12072,-0.1579,-0.0431,10.4112,0.7590,0.0027,0.0278,0.0376
12082,-0.1747,-0.0120,9.8273,0.1742,0.0072,0.0231,0.0399
12092,-0.1005,-0.0359,9.7029,0.0496,0.0122,0.0278,0.0325
12102,-0.1412,-0.0287,9.5761,-0.0769,0.0118,0.0246,0.0351
12112,-0.1292,-0.0335,9.6957,0.0425,0.0075,0.0241,0.0376
12122,-0.1412,-0.0167,9.7962,0.1423,0.0040,0.0255,0.0391
12132,-0.1220,-0.0215,9.8154,0.1607,0.0066,0.0255,0.0400
12142,-0.1986,-0.0479,9.6814,0.0265,0.0105,0.0232,0.0396
12152,-0.1747,-0.0120,9.5976,-0.0569,0.0137,0.0264,0.0389
12162,-0.1962,-0.0215,9.6239,-0.0305,0.0063,0.0235,0.0368
12172,-0.1627,-0.0096,9.8034,0.1483,0.0052,0.0229,0.0379
12182,-0.1699,-0.0048,9.7675,0.1118,0.0104,0.0243,0.0356
12192,-0.1866,-0.0455,9.6550,-0.0007,0.0076,0.0261,0.0386
12202,-0.1507,-0.0359,9.6263,-0.0292,0.0128,0.0231,0.0389
12212,-0.1555,-0.0622,9.7173,0.0614,0.0060,0.0263,0.0391
12222,-0.1172,-0.0311,9.8010,0.1444,0.0052,0.0281,0.0368
12232,-0.1316,-0.0287,9.7890,0.1318,0.0075,0.0302,0.0399
12242,-0.1460,-0.0335,9.6742,0.0169,0.0122,0.0252,0.0399
12252,-0.1484,-0.0502,9.6096,-0.0475,0.0121,0.0247,0.0403
12262,-0.1460,-0.0431,9.6598,0.0027,0.0060,0.0264,0.0391
12272,-0.1436,-0.0120,9.8106,0.1527,0.0076,0.0275,0.0011
12282,-0.1675,-0.0215,9.7914,0.1329,0.0125,0.0246,0.0389
12292,-0.1771,-0.0072,9.5952,-0.0630,0.0110,0.0264,0.0414
12302,-0.1460,-0.0239,9.6287,-0.0294,0.0073,0.0231,0.0374
12312,-0.1747,-0.0287,9.6814,0.0232,0.0072,0.0235,0.0377
12322,-0.1555,-0.0455,9.7866,0.1278,0.0055,0.0260,0.0396
12332,-0.1531,-0.0383,9.7220,0.0629,0.0090,0.0287,0.0391
12342,-0.1603,-0.0120,9.6479,-0.0112,0.0125,0.0240,0.0396
12352,-0.1603,-0.0215,9.6383,-0.0207,0.0116,0.0234,0.0391
12362,-0.1699,-0.0311,9.6957,0.0365,0.0063,0.0269,0.0356
12372,-0.1172,-0.0526,9.7364,0.0768,0.0102,0.0267,0.0388
12382,-0.1244,-0.0287,9.7914,0.1312,0.0099,0.0217,0.0374
12392,-0.1292,-0.0455,9.6503,-0.0099,0.0096,0.0240,0.0385
12402,-0.1388,-0.0383,9.6144,-0.0456,0.0101,0.0269,0.0392
12412,-0.1507,-0.0263,9.7149,0.0546,0.0061,0.0266,0.0373
12422,-0.1723,-0.0167,9.8273,0.1663,0.0046,0.0267,0.0371
12432,-0.1484,-0.0407,9.7603,0.0988,0.0144,0.0246,0.0368
12442,-0.1507,-0.0263,9.7316,0.0697,0.0111,0.0263,0.0374
12452,-0.1364,-0.0718,9.6215,-0.0402,0.0076,0.0267,0.0367
12462,-0.1268,-0.0096,9.6646,0.0029,0.0052,0.0231,0.0362
12472,-0.1436,-0.0383,9.7125,0.0505,0.0073,0.0246,0.0411
12482,-0.1484,-0.0120,9.7077,0.0455,0.0110,0.0231,0.0388
12492,-0.1436,-0.0359,9.6981,0.0357,0.0107,0.0263,0.0377
12502,-0.1460,-0.0502,9.6933,0.0308,0.0087,0.0247,0.0386
12512,-0.1292,-0.0239,9.7029,0.0402,0.0090,0.0254,0.0408
12522,-0.1747,-0.0311,9.6814,0.0185,0.0046,0.0272,0.0403
12532,-0.1866,-0.0502,9.6909,0.0280,0.0067,0.0307,0.0386
12542,-0.1507,-0.0191,9.6694,0.0064,0.0156,0.0234,0.0388
12552,-0.1962,-0.0215,9.7244,0.0611,0.0063,0.0270,0.0383
12562,-0.1842,-0.0335,9.6957,0.0323,0.0098,0.0296,0.0357
12572,-0.1675,-0.0191,9.6598,-0.0036,0.0090,0.0283,0.0377
12582,-0.1340,-0.0383,9.7388,0.0750,0.0099,0.0272,0.0408
12592,-0.1412,-0.0479,9.7077,0.0436,0.0099,0.0244,0.0370
12602,-0.1077,-0.0096,9.6670,0.0030,0.0084,0.0232,0.0400
12612,-0.1436,-0.0311,9.7173,0.0529,0.0092,0.0228,0.0371
12622,-0.1029,-0.0167,9.7005,0.0360,0.0038,0.0308,0.0368
12632,-0.1531,-0.0598,9.7173,0.0525,0.0127,0.0272,0.0394
12642,8.3294,10.8945,30.8100,21.0395,-0.9668,0.1309,-4.0392
12652,15.0748,4.9962,6.2692,-3.4838,0.6271,0.0260,-3.0536
12662,-8.6261,-0.1723,14.3665,4.5905,-0.2201,0.1064,-0.9387
12672,-4.2903,0.3613,14.0865,4.2889,-0.4557,1.2153,-0.3494
12682,-6.7860,-5.2522,23.6530,13.7862,-0.0095,1.0314,-0.0079
12692,-6.0060,23.7751,8.9515,-0.9108,4.0546,0.0748,0.1868
12702,-6.8100,3.6132,-0.6748,-10.4844,4.4216,-0.2469,0.3329
12712,-16.6564,-2.8403,17.5609,7.7126,2.8955,-0.3965,0.1115
12722,-4.2473,-0.7107,1.7324,-8.0754,-0.0845,0.0461,-0.3532
12732,1.0002,-4.6397,14.5460,4.7145,-2.5000,0.1782,0.0064
12742,-2.3282,0.3039,10.6409,0.8054,-2.6841,0.2091,0.1052
12752,-1.2562,-1.6391,11.1793,1.3370,-1.3224,0.1732,0.1319
12762,-0.2297,-1.4237,8.8534,-0.9839,-1.3885,0.1784,0.1796
12772,0.1699,0.0574,9.6838,-0.1528,-1.8172,0.2173,0.1521
12782,0.1149,-0.4331,11.0788,1.2360,-1.5728,0.2089,0.1037
12792,0.9643,4.0104,8.4132,-1.4224,-1.8637,0.2388,0.0577
12802,0.6532,-1.2395,12.4307,2.5821,-1.3111,0.1683,0.0278
12812,0.6867,0.0191,8.4275,-1.4140,-1.7231,0.1886,-0.0286
12822,-2.9647,2.3785,6.5013,-3.3235,-1.0933,-0.1087,-0.0779
12832,0.0455,-2.2349,8.3605,-1.4569,0.4073,-0.0939,0.0599
12842,0.1747,0.1747,9.3703,-0.4449,0.4531,0.0018,0.1318
12852,-0.6293,-0.3254,9.6287,-0.1856,0.0814,-0.0559,0.1494
12862,-0.5001,0.4427,8.8032,-1.0060,-0.4253,-0.0799,0.1235
12872,-0.9643,-0.8207,6.5827,-3.2104,0.0586,-0.2963,0.1878
12882,2.6130,0.6843,14.3354,4.5196,0.0524,0.0283,0.1052
12892,0.3494,0.1962,4.6756,-5.1145,0.1530,0.0185,0.0496
12902,1.7348,0.9811,12.9595,3.1536,-0.3192,-0.0473,0.0177
12912,1.1342,-0.4546,7.9944,-1.8025,-0.0212,0.0843,0.0258
12922,0.3350,-0.5360,10.8945,1.0921,0.1145,0.0026,0.0483
12932,0.0287,-0.3302,8.9539,-0.8442,0.0209,0.0278,0.0388
12942,-0.0598,0.1890,9.9541,0.1552,-0.0480,0.0293,0.0339
12952,-0.0215,-0.0239,9.7603,-0.0384,0.0012,0.0200,0.0376
12962,-0.0072,-0.0622,9.4636,-0.3334,0.0403,0.0328,0.0399
12972,-0.0574,0.0431,9.9206,0.1230,0.0095,0.0220,0.0409
12982,0.0191,-0.0287,9.4588,-0.3371,-0.0046,0.0289,0.0371
12992,-0.0072,0.0383,9.7244,-0.0712,0.0092,0.0283,0.0000
13002,-0.0048,-0.0191,9.7819,-0.0137,0.0174,0.0238,0.0403
13012,0.0311,-0.0024,9.6335,-0.1612,0.0076,0.0319,0.0360
13199,-0.0024,0.0072,9.7603,-0.0342,0.0067,0.0295,0.0363
13209,-0.0263,-0.0096,9.7173,-0.0769,0.0047,0.0254,0.0426
13219,0.0048,-0.0191,9.6048,-0.1884,0.0119,0.0293,0.0385
13229,-0.0335,0.0000,9.8082,0.0149,0.0098,0.0275,0.0406
13239,-0.0144,-0.0072,9.6909,-0.1019,0.0115,0.0273,0.0394
13249,-0.0287,0.0048,9.6814,-0.1109,0.0072,0.0295,0.0405
13259,-0.0287,-0.0072,9.6909,-0.1008,0.0107,0.0272,0.0417
13269,-0.0191,0.0096,9.6622,-0.1289,0.0081,0.0244,0.0382
13279,-0.0550,0.0000,9.8010,0.0099,0.0101,0.0293,0.0386
13289,-0.0239,-0.0120,9.6646,-0.1259,0.0107,0.0235,0.0379
13299,-0.0335,-0.0072,9.7220,-0.0681,0.0079,0.0286,0.0373
13309,-0.0287,-0.0048,9.6526,-0.1368,0.0105,0.0254,0.0373
13319,-0.0383,-0.0048,9.7029,-0.0861,0.0118,0.0270,0.0385
13329,-0.0024,-0.0120,9.7436,-0.0452,0.0130,0.0281,0.0389
13339,-0.0120,-0.0120,9.7101,-0.0783,0.0090,0.0260,0.0370
13349,-0.0024,-0.0215,9.6455,-0.1422,0.0092,0.0273,0.0391
13359,-0.0072,-0.0239,9.7436,-0.0439,0.0090,0.0247,0.0400
13369,-0.0239,-0.6102,9.7866,-0.0008,0.0076,0.0279,0.0368
13379,-0.0024,-0.0144,9.6790,-0.1080,0.0116,0.0252,0.0421
13389,-0.0096,-0.0144,9.6909,-0.0955,0.0067,0.0270,0.0405
13399,-0.0120,0.0120,9.6957,-0.0903,0.0070,0.0279,0.0379
13409,0.0120,0.0024,9.7149,-0.0708,0.0102,0.0243,0.0392
13419,-0.0048,-0.0144,9.7484,-0.0371,0.0105,0.0260,0.0400
13429,-0.0191,-0.0120,9.7196,-0.0655,0.0076,0.0240,0.0380
13439,-0.0359,-0.0096,9.6335,-0.1509,0.0110,0.0270,0.0385
13449,-0.0215,-0.0263,9.6933,-0.0906,0.0050,0.0238,0.0405
13459,-0.0359,-0.0048,9.7125,-0.0711,0.0078,0.0237,0.0411
13469,-0.0072,-0.0167,9.7388,-0.0445,0.0067,0.0260,0.0409
13479,-0.0502,-0.0144,9.6885,-0.0943,0.0073,0.0238,0.0373
13489,-0.0215,-0.0263,9.5952,-0.1867,0.0052,0.0266,0.0385
13499,-0.0431,-0.0215,9.7364,-0.0453,0.0058,0.0238,0.0368
13509,-0.0598,-0.0072,9.7364,-0.0451,0.0095,0.0278,0.0412
13519,-0.0502,0.0024,9.6885,-0.0925,0.0119,0.0267,0.0377
13529,0.0048,-0.0167,9.7125,-0.0682,0.0108,0.0269,0.0389
13539,-0.0096,-0.0215,9.6646,-0.1155,0.0119,0.0260,0.0403
13549,-0.0311,-0.0167,9.7412,-0.0387,0.0070,0.0258,0.0389
13559,-0.0407,0.0120,9.8106,0.0305,0.0075,0.0324,0.0389
13569,-0.1460,0.2800,11.1817,1.3946,-0.0139,0.0148,0.0434
13579,0.0837,-0.2441,9.3153,-0.4694,0.0040,0.0203,0.0434
13589,-0.0742,-0.3111,10.2150,0.4281,0.0125,0.0243,0.0418
13599,0.0909,-0.1412,9.0784,-0.7049,0.0107,0.0270,0.0388
13609,-0.0479,0.0048,9.8752,0.0914,0.0113,0.0299,0.0374
13619,-0.0431,0.0335,9.8919,0.1076,-0.0035,0.0258,0.0412
13629,-0.0191,-0.0167,9.6670,-0.1167,0.0057,0.0264,0.0392
13639,-0.0622,0.0239,9.7125,-0.0709,0.0127,0.0296,0.0400
13649,-0.0239,0.0024,9.4875,-0.2943,0.0111,0.0276,0.0403
13659,-0.0598,-0.0215,9.8034,0.0214,0.0055,0.0269,0.0385
13669,-0.0431,-0.0167,9.7699,-0.0120,0.0067,0.0275,0.0397
13679,-0.0526,-0.0096,9.7436,-0.0382,0.0089,0.0247,0.0373
13689,-0.0239,-0.0096,9.5785,-0.2022,0.0130,0.0298,0.0414
13699,-0.0096,-0.0263,9.6766,-0.1036,0.0073,0.0257,0.0379
13709,-0.0335,-0.0024,9.7484,-0.0317,0.0084,0.0295,0.0392
13719,-0.0167,-0.0144,9.7316,-0.0482,0.0075,0.0231,0.0408
13729,-0.0048,-0.6078,9.7149,-0.0646,0.0090,0.0264,0.0391
13739,-0.0144,0.0000,9.6144,-0.1643,0.0066,0.0238,0.0377
13749,0.0024,0.0072,9.6790,-0.0992,0.0067,0.0270,0.0379
13759,0.0120,0.0000,9.7460,-0.0320,0.0108,0.0247,0.0006
13769,0.0263,0.0239,9.7244,-0.0533,0.0093,0.0257,0.0380
13779,-0.0096,0.0144,9.6742,-0.1030,0.0087,0.0315,0.0376
13789,0.6102,0.0024,9.6048,-0.1715,0.0124,0.0281,0.0386
13799,0.0072,-0.0024,9.6814,-0.0945,0.0084,0.0267,0.0425
13809,-0.0383,-0.0263,9.7364,-0.0393,0.0082,0.0257,0.0397
13819,-0.0048,-0.0167,9.7077,-0.0676,0.0070,0.0292,0.0367
13829,-0.0287,-0.0048,9.6431,-0.1316,0.0047,0.0240,0.0405
13839,-0.0335,-0.0335,9.6981,-0.0762,0.0089,0.0287,0.0370
13849,-0.0550,-0.0239,9.7627,-0.0115,0.0075,0.0260,0.0406
13859,-0.0574,-0.0215,9.7436,-0.0305,0.0104,0.0272,0.0421
13869,-0.0431,-0.0144,9.6909,-0.0827,0.0107,0.0263,0.0374
13879,-0.0526,0.0048,9.6263,-0.1466,0.0104,0.0275,0.0379
13889,-0.0861,0.0000,9.6718,-0.1006,0.0075,0.0258,0.0402
13899,-0.0455,0.0120,9.6885,-0.0835,0.0110,0.0250,0.0399
13909,-0.0072,-0.0096,9.7220,-0.0497,0.0050,0.0302,0.0386
13919,-0.0048,0.0024,9.6933,-0.0780,0.0090,0.0264,0.0388
13929,-0.0167,0.0072,9.6598,-0.1110,0.0099,0.0252,0.0382
13939,0.0096,-0.0335,9.6766,-0.0937,0.0047,0.0270,0.0411
13949,-0.0072,-0.0215,9.7460,-0.0242,0.0052,0.0272,0.0389
13959,-0.0120,-0.0048,9.7292,-0.0408,0.0107,0.0279,0.0383
13969,0.0120,-0.0191,9.6933,-0.0763,0.0108,0.0267,0.0409
13979,-0.0144,0.6102,9.6646,-0.1045,0.0066,0.0263,0.0371
13989,-0.0215,-0.0120,9.7196,-0.0492,0.0096,0.0247,0.0368
13999,-0.0263,0.0120,9.7747,0.0058,0.0061,0.0273,0.0394
14009,-0.0263,-0.0191,9.7029,-0.0656,0.0035,0.0283,0.0409
14019,-0.0502,-0.0239,9.6885,-0.0796,0.0101,0.0254,0.0394
14029,-0.0718,-0.0096,9.6550,-0.1125,0.0089,0.0296,0.0379
14039,-0.0455,-0.0072,9.7196,-0.0477,0.0087,0.0231,0.0374
14049,-0.0311,-0.0215,9.7364,-0.0308,0.0055,0.0257,0.0412
14059,-0.0718,-0.0120,9.7603,-0.0068,0.0081,0.0240,0.0411
14069,-0.0311,-0.0215,9.6383,-0.1282,0.0105,0.0249,0.0360
14079,-0.0144,-0.0144,9.6766,-0.0895,0.0073,0.0255,0.0383
14089,-0.0048,-0.0167,9.7531,-0.0128,0.0089,0.0255,0.0399
14099,-0.0144,-0.0096,9.7268,-0.0390,0.0095,0.0244,0.0405
14109,0.0048,-0.0311,9.7029,-0.0626,0.0113,0.0276,0.0397
14119,0.0024,0.0191,9.7196,-0.0456,0.0079,0.0260,0.0417
14129,0.0072,-0.0024,9.6790,-0.0858,0.0066,0.0266,0.0347
14139,0.0096,0.0024,9.7196,-0.0449,0.0049,0.0241,0.0373
14149,-0.6102,0.0000,9.7053,-0.0590,0.0078,0.0238,0.0400
14159,0.0191,-0.0096,9.6574,-0.1063,0.0076,0.0267,0.0370
14169,0.0000,-0.0072,9.6981,-0.0653,0.0076,0.0263,0.0376
14179,-0.0191,-0.0120,9.7460,-0.0174,0.0131,0.0267,0.0365
14189,-0.0167,-0.0120,9.7173,-0.0459,0.0113,0.0223,0.0374
14365,0.0072,-0.0024,9.7579,-0.0052,0.0082,0.0286,0.0357
14375,-0.0024,-0.0167,9.7388,-0.0242,0.0118,0.0292,0.0389
14385,-0.0239,-0.0120,9.6790,-0.0836,0.0075,0.0270,0.0385
14395,-0.0167,-0.0024,9.6503,-0.1117,0.0131,0.0247,0.0374
14405,-0.0359,0.0048,9.7484,-0.0136,0.0128,0.0263,0.0380
14415,-0.0120,0.0024,9.7555,-0.0063,0.0081,0.0275,0.0392
14425,-0.0574,-0.0096,9.7029,-0.0587,0.0072,0.0250,0.0389
14435,-0.0359,0.0120,9.6168,-0.1441,0.0119,0.0310,0.0389
14445,-0.0718,-0.0096,9.6718,-0.0886,0.0087,0.0281,0.0412
14455,-0.0144,0.0000,9.7268,-0.0334,0.0137,0.0258,0.0396
14465,-0.0072,-0.6054,9.7388,-0.0214,0.0118,0.0270,0.0365
14475,-0.0024,-0.0096,9.7125,-0.0474,0.0084,0.0278,0.0417
14485,0.0120,-0.0167,9.6814,-0.0782,0.0076,0.0279,0.0371
14495,0.0000,-0.0024,9.6838,-0.0754,0.0101,0.0276,0.0405
14505,-0.0120,-0.0048,9.7579,-0.0012,0.0092,0.0295,0.0399
14515,0.0167,-0.0167,9.6838,-0.0750,0.0076,0.0237,0.0402
14525,-0.6030,-0.0215,9.7340,-0.0246,0.0108,0.0269,0.0383
14535,-0.0096,-0.0048,9.6479,-0.1102,0.0079,0.0276,0.0391
14545,-0.0167,0.0024,9.6838,-0.0740,0.0067,0.0313,0.0365
14555,-0.0215,-0.0120,9.7316,-0.0260,0.0076,0.0273,0.0414
14565,0.0000,-0.0120,9.7819,0.0242,0.0133,0.0270,0.0402
14575,-0.0215,-0.0096,9.7244,-0.0331,0.0099,0.0287,0.0374
14585,-0.0263,-0.0096,9.6407,-0.1163,0.0078,0.0295,0.0405
14595,-0.0263,0.0000,9.6981,-0.0585,0.0105,0.0275,0.0406
14605,-0.0096,-0.0024,9.7173,-0.0392,0.0115,0.0240,0.0399
14615,-0.0359,0.0096,9.6981,-0.0581,0.0115,0.0318,0.0411
14625,-0.0359,-0.0263,9.7531,-0.0030,0.0115,0.0266,0.0379
14635,-0.0191,-0.0072,9.7101,-0.0458,0.0053,0.0275,0.0400
14645,-0.0431,-0.0191,9.7101,-0.0456,0.0113,0.0238,0.0417
14655,-0.0167,-0.0072,9.7460,-0.0097,0.0111,0.0241,0.0405
14665,-0.0072,-0.0072,9.7292,-0.0263,0.0113,0.0272,0.0434
14675,-0.0287,-0.0048,9.7292,-0.0262,0.0121,0.0276,0.0396
14685,-0.0072,-0.0024,9.6694,-0.0855,0.0093,0.0263,0.0405
14695,-0.0144,-0.0024,9.7531,-0.0018,0.0093,0.0289,0.0380
14705,-0.0215,-0.0191,9.7436,-0.0113,0.0116,0.0244,0.0377
14715,-0.0072,0.6030,9.6838,-0.0708,0.0108,0.0255,0.0374
14725,-0.0120,0.0072,9.6431,-0.1109,0.0034,0.0255,0.0357
14735,-0.0215,-0.0239,9.6694,-0.0841,0.0082,0.0254,0.0418
14745,-0.0718,-0.0933,10.8754,1.1162,0.0017,0.0098,0.0412
14755,0.0550,-0.4929,9.1837,-0.5726,0.0212,0.0304,0.0443
14765,-0.1340,-0.3637,10.1791,0.4207,0.0082,0.0215,0.0324
14775,0.0000,-0.0981,9.1741,-0.5814,0.0127,0.0347,0.0411
14785,-0.0742,0.0837,9.9900,0.2334,0.0168,0.0281,0.0412
14795,-0.0455,-0.0287,9.9637,0.2060,0.0003,0.0260,0.0374
14805,-0.0287,0.0048,9.6861,-0.0712,0.0148,0.0263,0.0389
14815,-0.0431,0.0120,9.7699,0.0125,0.0118,0.0287,0.0411
14825,-0.0335,-0.0167,9.5234,-0.2328,0.0073,0.0241,0.0383
14835,-0.0694,-0.0096,9.7460,-0.0102,0.0096,0.0264,0.0388
14845,-0.0167,-0.0072,9.7077,-0.0482,0.0057,0.0313,0.0403
14855,-0.0239,0.0024,9.6598,-0.0956,0.0052,0.0275,0.0345
14865,-0.0120,0.0072,9.6455,-0.1094,0.0095,0.0279,0.0371
14875,-0.0215,-0.0215,9.6287,-0.1255,0.0061,0.0286,0.0417
14885,-0.6102,-0.0072,9.6885,-0.0654,0.0078,0.0258,0.0356
14895,-0.0096,-0.0263,9.6957,-0.0579,0.0099,0.0272,0.0392
14905,-0.0024,-0.0191,9.7579,0.0043,0.0093,0.0234,0.0373
14915,-0.0239,-0.0072,9.7005,-0.0529,0.0084,0.0287,0.0389
14925,-0.0144,0.0048,9.6359,-0.1169,0.0102,0.0238,0.0382
14935,-0.0096,-0.0096,9.7029,-0.0497,0.0057,0.0240,0.0394
14945,-0.0191,-0.0096,9.7484,-0.0042,0.0087,0.0289,0.0396
14955,-0.0407,-0.0120,9.7436,-0.0089,0.0064,0.0261,0.0377
14965,-0.0072,-0.6102,9.6359,-0.1160,0.0139,0.0295,0.0396
14975,0.0024,-0.0335,9.6000,-0.1511,0.0101,0.0276,0.0397
14985,-0.0048,-0.0072,9.7866,0.0353,0.0082,0.0255,0.0380
14995,-0.0024,0.0167,9.7196,-0.0315,0.0108,0.0254,0.0005
15005,-0.0144,-0.0502,9.6311,-0.1195,0.0076,0.0212,0.0400
15015,-0.0479,-0.0335,9.7364,-0.0141,0.0092,0.0267,0.0388
15025,0.0215,0.0048,9.6718,-0.0783,0.0076,0.0281,0.0382
15035,-0.0120,-0.0072,9.7843,0.0340,0.0050,0.0273,0.0423
15045,-0.0383,-0.0120,9.6168,-0.1329,0.0113,0.0310,0.0408
15055,-0.0790,-0.0120,9.7244,-0.0250,0.0099,0.0241,0.0367
15065,-0.0694,0.0000,9.7460,-0.0035,0.0102,0.0276,0.0412
15075,-0.0455,-0.0096,9.7412,-0.0082,0.0070,0.0246,0.0406
15085,-0.0335,-0.0191,9.6861,-0.0630,0.0087,0.0267,0.0417
15095,-0.0335,-0.0191,9.6790,-0.0698,0.0081,0.0228,0.0400
15105,-0.0239,-0.0215,9.7508,0.0020,0.0041,0.0246,0.0392
15115,-0.0096,-0.0455,9.6885,-0.0599,0.0121,0.0279,0.0373
15125,-0.0167,-0.0120,9.6407,-0.1072,0.0113,0.0289,0.0423
15135,-0.0048,-0.0407,9.7244,-0.0234,0.0075,0.0276,0.0385
15145,-0.0335,-0.0191,9.7196,-0.0280,0.0086,0.0279,0.0383
15155,-0.0096,-0.0144,9.6981,-0.0493,0.0128,0.0273,0.0412
15165,-0.0359,-0.0167,9.6957,-0.0514,0.0125,0.0264,0.0392
15175,-0.0096,0.0407,9.4469,-0.2988,0.0087,0.0228,0.0379
15185,-0.0957,0.5480,9.9398,0.1932,-0.0029,0.0406,0.0383
15195,-0.0574,0.4020,9.9613,0.2136,-0.0041,0.0090,0.0438
15205,0.0048,0.0502,9.7675,0.0197,0.0052,0.0435,0.0391
15215,-0.0263,-0.0072,9.6431,-0.1042,0.0027,0.0189,0.0391
15225,0.0144,-0.1005,9.3703,-0.3751,0.0095,0.0310,0.0411
15235,0.0287,0.0191,9.7651,0.0196,0.0061,0.0276,0.0411
15245,0.0048,-0.0096,9.8178,0.0719,0.0029,0.0237,0.0403
15255,0.0215,-0.0239,9.5976,-0.1475,0.0058,0.0313,0.0383
15265,-0.0215,0.0000,9.6335,-0.1111,0.0144,0.0243,0.0392
15275,-0.0048,-0.0287,9.6168,-0.1272,0.0128,0.0302,0.0400
15285,-0.0766,-0.0072,9.8010,0.0568,0.0084,0.0272,0.0408
15295,-0.0455,0.0502,9.8201,0.0756,0.0092,0.0263,0.0418
15305,-0.0239,0.0287,9.6096,-0.1343,0.0116,0.0260,0.0397
15315,-0.0574,0.0048,9.7484,0.0044,0.0116,0.0263,0.0403
15325,-0.0694,-0.0048,9.6287,-0.1146,0.0067,0.0286,0.0006
15335,-0.0431,0.0024,9.8034,0.0597,0.0040,0.0250,0.0405
15345,-0.0215,-0.0191,9.7077,-0.0358,0.0089,0.0286,0.0383
15355,-0.5886,-0.0120,9.7268,-0.0166,0.0110,0.0235,0.0368
15498,-0.0383,-0.0239,9.6694,-0.0736,0.0087,0.0276,0.0405
15508,-0.0431,-0.0287,9.6526,-0.0899,0.0067,0.0308,0.0357
15518,-0.0215,-0.0502,9.7149,-0.0276,0.0060,0.0273,0.0400
15528,-0.0670,-0.0311,9.7268,-0.0155,0.0090,0.0241,0.0373
15538,0.0215,-0.0574,9.7316,-0.0107,0.0099,0.0269,0.0383
15548,-0.0335,-0.0239,9.6766,-0.0654,0.0119,0.0252,0.0392
15558,-0.0239,-0.0048,9.6120,-0.1293,0.0113,0.0272,0.0408
15568,-0.0120,0.0000,9.6766,-0.0644,0.0096,0.0279,0.0411
15578,-0.0335,0.0239,10.3514,0.6073,0.0082,0.0241,0.0385
15588,-0.0455,0.0311,9.7460,0.0019,0.0082,0.0254,0.0354
15598,-0.0072,0.0287,9.7149,-0.0290,0.0086,0.0281,0.0388
15608,0.0885,-0.1077,9.0855,-0.6551,0.0182,0.0195,0.0368
15618,0.0814,-0.2608,9.1430,-0.5947,0.0238,0.0418,0.0318
15628,-0.0096,0.2297,10.0187,0.2797,0.0130,0.0165,0.0371
15638,0.0239,0.0383,9.4564,-0.2812,0.0140,0.0338,0.0400
15648,-0.0215,0.0072,9.9374,0.1988,0.0066,0.0214,0.0472
15658,-0.0479,-0.1005,9.6215,-0.1165,0.0101,0.0269,0.0403
15668,-0.0191,-0.0431,9.6263,-0.1112,0.0134,0.0286,0.0403
15678,-0.0670,-0.0191,9.8225,0.0846,0.0058,0.0217,0.0402
15688,-0.0526,-0.0239,9.6168,-0.1205,0.0082,0.0241,0.0397
15698,-0.1196,0.0120,9.7053,-0.0318,0.0084,0.0273,0.0383
15708,-0.0479,-0.0048,9.7196,-0.0174,0.0105,0.0270,0.0386
15718,-0.0455,-0.0072,9.7077,-0.0292,0.0130,0.0260,0.0376
15728,-0.0287,-0.0096,9.8082,0.0709,0.0118,0.0237,0.0379
15738,-0.0048,-0.0215,9.6407,-0.0961,0.0105,0.0211,0.0373
15748,-0.0239,-0.6030,9.6646,-0.0718,0.0078,0.0272,0.0388
15758,-0.0167,-0.0120,9.7268,-0.0095,0.0044,0.0241,0.0365
15768,0.0072,-0.0072,9.7795,0.0429,0.0063,0.0278,0.0405
15778,0.0072,-0.0167,9.6383,-0.0978,0.0104,0.0281,0.0012
15788,0.0431,0.0120,9.7053,-0.0306,0.0102,0.0290,0.0402
15798,0.0096,0.0191,9.6455,-0.0900,0.0081,0.0257,0.0389
15808,-0.0167,-0.0048,9.7268,-0.0086,0.0084,0.0228,0.0383
15818,0.0167,0.0120,9.7603,0.0248,0.0057,0.0260,0.0400
15828,0.0144,0.0048,9.7196,-0.0158,0.0093,0.0267,0.0392
15838,0.0263,-0.0048,9.6550,-0.0800,0.0090,0.0272,0.0418
15848,0.0191,-0.0191,9.6335,-0.1011,0.0069,0.0224,0.0405
15858,-0.0072,-0.0455,9.7196,-0.0149,0.0093,0.0290,0.0376
15868,-0.0215,-0.0215,9.6790,-0.0553,0.0064,0.0283,0.0406
15878,-0.0550,-0.0167,9.7220,-0.0121,0.0087,0.0240,0.0405
15888,-0.0574,-0.0335,9.6670,-0.0668,0.0092,0.0296,0.0368
15898,-0.0646,0.0048,9.7292,-0.0046,0.0061,0.0221,0.0383
15908,-0.0120,-0.0024,9.7412,0.0073,0.0101,0.0249,0.0396
15918,-0.0694,-0.0048,9.6718,-0.0617,0.0119,0.0289,0.0405
15928,-0.0837,0.0215,9.6742,-0.0591,0.0076,0.0264,0.0385
15938,-0.0431,-0.0072,9.7412,0.0079,0.0107,0.0240,0.0409
15948,-0.0335,-0.0048,9.6933,-0.0398,0.0098,0.0264,0.0386
15958,-0.0335,-0.0096,9.7220,-0.0110,0.0122,0.0293,0.0391
15968,-0.0215,-0.0024,9.6885,-0.0443,0.0095,0.0266,0.0399
15978,0.0311,-0.0096,9.6766,-0.0559,0.0060,0.0283,0.0396
15988,-0.0311,-0.0072,9.8871,0.1539,0.0078,0.0261,0.0402
15998,-0.0048,0.3182,9.9254,0.1912,0.0017,0.0324,0.0032
16008,0.0263,0.1340,9.9757,0.2402,0.0026,0.0170,0.0396
16018,0.0311,-0.0072,9.6024,-0.1324,0.0063,0.0327,0.0408
16028,-0.6102,-0.0239,9.6072,-0.1270,0.0082,0.0273,0.0370
16038,-0.0144,-0.0287,9.5593,-0.1740,0.0047,0.0264,0.0376
16048,0.0000,0.0120,9.1908,-0.5397,0.0081,0.0305,0.0396
16058,-0.0431,0.0024,9.8034,0.0725,0.0060,0.0295,0.0365
16068,-0.0431,0.0359,9.7101,-0.0208,0.0087,0.0266,0.0373
16078,-0.0191,0.0024,9.5426,-0.1873,0.0136,0.0263,0.0391
16088,-0.0550,-0.0335,9.7077,-0.0221,0.0137,0.0284,0.0397
16098,-0.0167,-0.0096,9.8034,0.0732,0.0063,0.0249,0.0412
16108,-0.0455,-0.0120,9.7579,0.0276,0.0111,0.0284,0.0382
16118,-0.0120,-0.0742,9.5713,-0.1582,0.0108,0.0284,0.0373
16128,-0.0383,-0.0885,9.7101,-0.0193,0.0078,0.0276,0.0362
16138,-0.0096,-0.0239,9.7460,0.0165,0.0081,0.0258,0.0368
16148,-0.0167,-0.0455,9.7149,-0.0145,0.0108,0.0298,0.0363
16158,0.0000,-0.0359,9.6359,-0.0930,0.0137,0.0260,0.0426
16168,0.5982,-0.0120,9.6622,-0.0664,0.0098,0.0293,0.0408
16178,0.0120,0.0431,9.6718,-0.0565,0.0108,0.0305,0.0389
16188,-0.0263,0.0287,9.7220,-0.0062,0.0076,0.0295,0.0347
16198,-0.0024,0.0239,9.7555,0.0271,0.0087,0.0249,0.0396
16208,-0.0215,0.0263,9.6790,-0.0492,0.0125,0.0307,0.0380
16218,-0.0191,-0.6126,9.6718,-0.0561,0.0076,0.0264,0.0385
16228,-0.0167,-0.0191,9.7412,0.0132,0.0107,0.0255,0.0409
16238,-0.0048,-0.0167,9.6838,-0.0440,0.0078,0.0255,0.0382
16248,-0.0167,-0.0479,9.6838,-0.0438,0.0133,0.0283,0.0376
16258,-0.0215,-0.0574,9.6311,-0.0959,0.0096,0.0260,0.0359
16268,0.0072,-0.0479,9.6742,-0.0526,0.0084,0.0286,0.0392
16278,-0.0383,-0.0215,9.7412,0.0143,0.0057,0.0250,0.0400
16288,-0.0502,-0.0335,9.7005,-0.0262,0.0076,0.0260,0.0382
16298,-0.0742,-0.0096,9.7340,0.0073,0.0111,0.0270,0.0403
16308,-0.0335,-0.0024,9.6861,-0.0404,0.0069,0.0267,0.0383
16318,-0.0646,-0.0096,9.6909,-0.0354,0.0063,0.0258,0.0382
16328,-0.0646,-0.5982,9.7292,0.0028,0.0148,0.0281,0.0374
16338,-0.0144,0.0167,9.7220,-0.0043,0.0067,0.0272,0.0421
16348,-0.0072,0.0215,9.7101,-0.0162,0.0105,0.0279,0.0406
16358,0.0000,0.0191,9.6838,-0.0423,0.0061,0.0263,0.0380
16368,0.0191,0.0024,9.7484,0.0222,0.0089,0.0258,0.0394
16378,0.0144,-0.0191,9.7196,-0.0065,0.0098,0.0252,0.0412
16388,-0.5216,-0.5862,9.5880,-0.1374,0.0212,0.0098,0.0420
16398,0.1005,-0.6413,8.7697,-0.9510,0.0350,0.0440,0.0344
16408,-0.0814,-0.0120,10.0594,0.3371,0.0165,0.0093,0.0351
16418,0.0024,-0.0335,9.1932,-0.5265,0.0223,0.0409,0.0425
16428,-0.1125,0.0646,10.2293,0.5070,0.0108,0.0221,0.0394
16438,-0.0359,-0.1053,9.9182,0.1950,0.0096,0.0240,0.0388
16448,-0.0239,-0.0598,9.5689,-0.1536,0.0185,0.0273,0.0373
16458,-0.0957,0.0239,9.8417,0.1186,0.0069,0.0275,0.0396
16468,-0.0598,-0.0144,9.5737,-0.1486,0.0093,0.0310,0.0367
16478,-0.1029,0.0000,9.7412,0.0188,0.0095,0.0241,0.0382
16488,-0.0502,0.0167,9.7747,0.0520,0.0079,0.0258,0.0403
16638,-0.0455,-0.0191,9.7364,0.0136,0.0053,0.0281,0.0380
16648,-0.0144,-0.0215,9.6957,-0.0269,0.0116,0.0273,0.0402
16658,-0.0598,-0.0574,9.6000,-0.1220,0.0121,0.0316,0.0379
16668,-0.0359,-0.0191,9.6622,-0.0595,0.0099,0.0286,0.0402
16678,-0.0622,-0.0191,9.7484,0.0265,0.0095,0.0273,0.0414
16688,-0.0646,-0.0263,9.7220,0.0002,0.0058,0.0257,0.0408
16698,-0.0359,-0.0144,9.7005,-0.0212,0.0115,0.0243,0.0389
16708,-0.0239,-0.0215,9.6263,-0.0949,0.0078,0.0269,0.0396
16718,0.0024,-0.0048,9.7220,0.0008,0.0105,0.0241,0.0400
16728,-0.1842,-0.0837,10.7868,1.0603,0.0024,0.0177,0.0446
16738,0.0024,-0.2704,9.7029,-0.0236,0.0009,0.0202,0.0423
16748,0.0144,-0.1053,9.7268,0.0004,0.0150,0.0298,0.0396
16758,0.0072,0.0072,9.5904,-0.1354,0.0144,0.0319,0.0389
16768,0.0144,0.0144,9.5737,-0.1513,0.0079,0.0270,0.0373
16778,0.0120,-0.0048,9.9039,0.1780,0.0055,0.0247,0.0396
16788,-0.0263,0.0000,9.7938,0.0676,0.0006,0.0286,0.0391
16798,0.0000,-0.0048,9.6909,-0.0352,0.0122,0.0296,0.0420
16808,-0.0670,0.0167,9.6335,-0.0921,0.0133,0.0307,0.0414
16818,-0.0431,-0.0072,9.5737,-0.1512,0.0144,0.0252,0.0380
16828,-0.0502,-0.0048,9.7460,0.0210,0.0070,0.0281,0.0405
16838,-0.0694,-0.0072,9.7747,0.0495,0.0099,0.0269,0.0388
16848,-0.0239,-0.0383,9.6670,-0.0579,0.0119,0.0284,0.0397
16858,-0.0383,-0.0263,9.6215,-0.1029,0.0072,0.0252,0.0362
16868,-0.0072,-0.0191,9.7555,0.0310,0.0060,0.0237,0.0389
16878,0.0167,-0.0359,9.7101,-0.0144,0.0078,0.0263,0.0409
16888,-0.0120,-0.0215,9.7220,-0.0024,0.0079,0.0235,0.0388
16898,-0.0024,-0.0167,9.6622,-0.0620,0.0108,0.0279,0.0386
16908,-0.0167,0.0024,9.6814,-0.0426,0.0110,0.0244,0.0394
16918,0.0263,0.0048,9.6957,-0.0281,0.0069,0.0235,0.0414
16928,0.0024,0.0072,9.7460,0.0220,0.0079,0.0240,0.0380
16938,-0.0431,0.0215,9.7053,-0.0185,0.0113,0.0276,0.0382
16948,0.0072,0.0263,9.6742,-0.0494,0.0108,0.0266,0.0376
16958,-0.0048,0.0048,9.6550,-0.0682,0.0069,0.0272,0.0403
16968,-0.0048,-0.0120,9.7101,-0.0131,0.0105,0.0273,0.0023
16978,0.0191,-0.0072,9.7508,0.0274,0.0095,0.0281,0.0339
16988,-0.0167,-0.0167,9.7268,0.0035,0.0089,0.0264,0.0386
16998,-0.0072,-0.0526,9.6598,-0.0632,0.0095,0.0266,0.0418
17008,0.0000,-0.0215,9.6670,-0.0557,0.0125,0.0246,0.0385
17018,-0.0096,-0.0144,9.6861,-0.0364,0.0096,0.0298,0.0363
17028,-0.0407,-0.0383,9.7196,-0.0029,0.0093,0.0272,0.0386
17038,-0.0574,-0.0215,9.7508,0.0281,0.0089,0.0257,0.0383
17048,-0.0287,-0.6102,9.6574,-0.0649,0.0096,0.0260,0.0400
17058,-0.0766,-0.0048,9.7196,-0.0027,0.0102,0.0296,0.0396
17068,0.0048,-0.1962,8.5232,-1.1931,0.0212,0.0089,0.0370
17078,0.0144,-0.4211,8.8606,-0.8514,0.0315,0.0519,0.0338
17088,-0.0957,0.1172,10.0905,0.3766,0.0060,0.0086,0.0338
17098,0.0383,0.0311,9.3607,-0.3515,0.0173,0.0376,0.0382
17108,-0.0120,0.0120,10.0762,0.3622,0.0092,0.0153,0.0392
17118,0.0167,-0.1077,9.5761,-0.1372,0.0150,0.0249,0.0380
17128,0.0287,-0.0598,9.6526,-0.0604,0.0174,0.0252,0.0377
17138,0.0048,-0.0096,9.8201,0.1066,0.0064,0.0269,0.0385
17148,0.0239,-0.0144,9.5282,-0.1844,0.0078,0.0299,0.0396
17158,-0.0239,-0.0024,9.7244,0.0117,0.0079,0.0281,0.0429
17168,-0.0096,0.0072,9.7531,0.0403,0.0102,0.0308,0.0437
17178,-0.0335,0.0120,9.7364,0.0234,0.0098,0.0257,0.0399
17188,-0.0694,-0.0024,9.7436,0.0304,0.0098,0.0264,0.0415
17198,-0.0287,0.0000,9.5713,-0.1412,0.0076,0.0281,0.0379
17208,-0.0287,-0.0072,9.7316,0.0191,0.0127,0.0273,0.0370
17218,-0.0215,-0.0215,9.7173,0.0047,0.0055,0.0250,0.0376
17228,-0.0622,-0.0287,9.7627,0.0499,0.0119,0.0254,0.0400
17238,-0.0287,-0.0335,9.5785,-0.1337,0.0116,0.0279,0.0382
17248,-0.0455,-0.0239,9.6359,-0.0759,0.0121,0.0257,0.0418
17258,-0.0191,-0.0215,9.7173,0.0055,0.0087,0.0304,0.0399
17268,-0.0287,-0.0167,9.7938,0.0816,0.0127,0.0264,0.0396
17278,-0.0335,0.0000,9.7053,-0.0069,0.0049,0.0279,0.0405
17288,-0.0311,0.0120,9.6742,-0.0378,0.0101,0.0267,0.0399
17298,-0.0335,-0.6030,9.6790,-0.0328,0.0127,0.0254,0.0394
17308,0.0024,-0.0048,9.7436,0.0316,0.0101,0.0275,0.0357
17318,-0.0167,-0.0096,9.7388,0.0267,0.0073,0.0272,0.0406
17328,-0.0144,0.0000,9.6838,-0.0282,0.0060,0.0250,0.0400
17338,-0.0120,-0.0048,9.6622,-0.0495,0.0107,0.0257,0.0373
17348,0.0191,-0.0167,9.6766,-0.0350,0.0079,0.0255,0.0389
17358,0.5599,-0.0239,9.7627,0.0509,0.0063,0.0252,0.0373
17368,0.0000,-0.0096,9.7101,-0.0017,0.0047,0.0304,0.0391
17378,-0.0215,-0.0120,9.6790,-0.0327,0.0087,0.0267,0.0374
17388,0.0048,-0.0455,9.6335,-0.0777,0.0073,0.0260,0.0400
17398,-0.0383,-0.0239,9.7364,0.0250,0.0090,0.0260,0.0367
17408,-0.0359,-0.0120,9.7484,0.0368,0.0075,0.0235,0.0415
17418,-0.0096,-0.0096,9.6981,-0.0134,0.0082,0.0289,0.0386
17428,-0.0622,-0.0096,9.6503,-0.0609,0.0090,0.0266,0.0391
17438,-0.0479,-0.0167,9.6933,-0.0178,0.0060,0.0272,0.0414
17448,-0.0431,0.0072,9.7173,0.0061,0.0107,0.0295,0.0388
17458,-0.0526,0.0024,9.7866,0.0752,0.0102,0.0255,0.0385
17468,-0.0550,-0.0024,9.7508,0.0391,0.0116,0.0273,0.0368
17478,0.0024,-0.0096,9.6670,-0.0445,0.0142,0.0250,0.0385
17488,0.0191,-0.0120,9.7340,0.0224,0.0055,0.0234,0.0373
17498,0.1220,0.3206,9.1597,-0.5491,0.0076,0.0286,0.0345
17508,-0.1029,0.7322,10.2772,0.5655,0.0069,0.0545,0.0388
17518,0.0861,0.3757,9.8249,0.1127,-0.0145,0.0047,0.0472
17528,-0.0072,0.0814,10.5930,0.8764,-0.0032,0.0258,0.0428
17538,0.1125,-0.0622,9.4301,-0.2851,0.0031,0.0238,0.0397
17548,-0.0383,0.0646,9.1597,-0.5527,0.0105,0.0350,0.0359
17558,-0.0550,0.1627,9.1573,-0.5523,0.0006,0.0292,0.0403
17568,-0.0335,-0.0502,9.4995,-0.2091,0.0061,0.0165,0.0405
17578,-0.0718,0.0144,10.2939,0.5824,0.0040,0.0322,0.0386
17588,-0.0550,0.0287,9.8513,0.1390,0.0079,0.0244,0.0373
17598,-0.0335,0.0096,9.0353,-0.6735,0.0228,0.0360,0.0392
17608,-0.0191,-0.0096,9.2578,-0.4488,0.0127,0.0266,0.0400
17618,-0.0024,-0.0311,9.9781,0.2701,0.0095,0.0220,0.0392
17628,0.0311,-0.1053,10.1408,0.4307,0.0111,0.0272,0.0391
17757,0.0287,-0.0167,9.6096,-0.1000,0.0107,0.0220,0.0386
17767,-0.0263,-0.0335,9.8800,0.1695,0.0115,0.0264,0.0379
17777,-0.0072,-0.0479,9.8273,0.1163,0.0105,0.0269,0.0405
17787,-0.0407,-0.0144,9.6335,-0.0771,0.0082,0.0281,0.0383
17797,-0.0622,-0.0072,9.5474,-0.1625,0.0081,0.0252,0.0391
17807,-0.0933,0.0167,9.6526,-0.0569,0.0110,0.0218,0.0412
17817,-0.0694,0.0072,9.8536,0.1434,0.0084,0.0273,0.0400
17827,-0.0622,-0.0120,9.8130,0.1022,0.0096,0.0260,0.0380
17837,-0.0383,0.0144,9.6191,-0.0912,0.0069,0.0267,0.0373
17847,-0.1149,0.3733,9.9374,0.2259,0.0005,0.0321,0.0402
17857,-0.0407,0.2082,10.1408,0.4272,-0.0023,0.0101,0.0435
17867,0.0526,-0.1579,9.5186,-0.1940,0.0089,0.0399,0.0420
17877,0.0167,-0.0383,9.8871,0.1736,0.0002,0.0206,0.0336
17887,0.0550,-0.1507,9.2794,-0.4320,0.0081,0.0244,0.0400
17897,-0.0048,-0.0024,9.6383,-0.0727,0.0101,0.0228,0.0397
17907,-0.6054,0.0431,9.8560,0.1443,0.0024,0.0203,0.0400
17917,-0.0024,-0.0239,9.7029,-0.0088,0.0111,0.0289,0.0412
17927,-0.0215,-0.0072,9.7220,0.0103,0.0115,0.0301,0.0383
17937,-0.0311,0.0239,9.6168,-0.0945,0.0072,0.0298,0.0432
17947,-0.0814,-0.0048,9.5569,-0.1535,0.0049,0.0281,0.0411
17957,-0.0622,0.0024,9.7962,0.0853,0.0116,0.0279,0.0370
17967,-0.0909,0.0024,9.7675,0.0563,0.0073,0.0244,0.0351
17977,-0.0455,-0.0096,9.7603,0.0489,0.0079,0.0321,0.0367
17987,0.0024,-0.0215,9.5833,-0.1275,0.0102,0.0287,0.0367
17997,-0.0574,-0.0167,9.6694,-0.0412,0.0130,0.0296,0.0399
18007,-0.0215,-0.0383,9.7244,0.0138,0.0105,0.0258,0.0367
18017,-0.0167,-0.0359,9.8178,0.1066,0.0079,0.0275,0.0408
18027,-0.0287,-0.0263,9.7149,0.0037,0.0099,0.0270,0.0403
18037,-0.0239,-0.0144,9.6072,-0.1035,0.0093,0.0278,0.0408
18047,-0.6078,-0.0191,9.6526,-0.0577,0.0115,0.0266,0.0382
18057,-0.0167,0.0048,9.7555,0.0449,0.0061,0.0240,0.0418
18067,-0.0215,-0.0120,9.7603,0.0495,0.0105,0.0238,0.0365
18077,-0.0096,0.0383,9.7173,0.0064,0.0052,0.0283,0.0429
18087,-0.0144,-0.0048,9.6024,-0.1079,0.0084,0.0313,0.0359
18097,-0.0048,0.0359,9.7077,-0.0026,0.0066,0.0252,0.0376
18107,-0.0167,-0.0024,9.7005,-0.0098,0.0058,0.0272,0.0370
18117,0.0000,-0.0502,9.7220,0.0117,0.0087,0.0250,0.0357
18127,0.0072,-0.0239,9.6311,-0.0788,0.0076,0.0287,0.0773
18137,-0.0287,-0.0239,9.6550,-0.0546,0.0087,0.0283,0.0383
18147,-0.0239,-0.0359,9.6766,-0.0329,0.0108,0.0287,0.0396
18157,-0.0167,-0.0167,9.7340,0.0244,0.0090,0.0255,0.0411
18167,-0.0335,-0.0263,9.7029,-0.0067,0.0099,0.0275,0.0415
18177,-0.0981,-0.0120,9.6359,-0.0733,0.0087,0.0279,0.0391
18187,-0.0981,0.0455,9.6694,-0.0396,0.0125,0.0269,0.0409
18197,-0.1938,0.5097,10.9065,1.1915,-0.0102,0.0310,0.0429
18207,0.0239,0.0933,9.7819,0.0665,-0.0072,0.0113,0.0454
18217,-0.0359,0.0287,9.8225,0.1067,0.0095,0.0773,0.0405
18227,0.0167,-0.0742,9.4588,-0.2558,0.0055,0.0185,0.0396
18237,-0.0048,-0.0407,9.4181,-0.2950,0.0145,0.0334,0.0391
18247,0.0191,0.0526,9.8584,0.1446,0.0050,0.0246,0.0377
18257,0.0167,-0.0120,9.7890,0.0748,0.0032,0.0250,0.0370
18267,0.0167,0.0000,9.7101,-0.0041,0.0147,0.0328,0.0386
18277,0.0239,0.0024,9.5833,-0.1303,0.0118,0.0276,0.0403
18287,0.0167,-0.0287,9.6311,-0.0820,0.0140,0.0258,0.0420
18297,0.0024,-0.0024,9.7220,0.0089,0.0064,0.0287,0.0376
18307,-0.0287,0.0407,9.7962,0.0826,0.0105,0.0247,0.0408
18317,0.0000,0.0215,9.5737,-0.1392,0.0136,0.0319,0.0412
18327,-0.0479,-0.0167,9.7220,0.0091,0.0104,0.0270,0.0402
18337,-0.0359,-0.0526,9.6287,-0.0838,0.0299,0.0273,0.0447
18347,-0.0766,-0.0263,9.7866,0.0738,0.0066,0.0246,0.0382
18357,-0.0407,-0.0191,9.6072,-0.1052,0.0034,0.0324,0.0389
18367,-0.0814,-0.0502,9.7579,0.0453,0.0069,0.0254,0.0359
18377,-0.0479,-0.0335,9.6144,-0.0977,0.0090,0.0254,0.0409
18387,-0.0574,-0.0335,9.7101,-0.0020,0.0069,0.0244,0.0409
18397,-0.0359,-0.0287,9.7460,0.0337,0.0090,0.0275,0.0385
18407,-0.6030,-0.0191,9.6431,-0.0688,0.0116,0.0292,0.0386
18417,-0.0335,-0.0263,9.6909,-0.0209,0.0128,0.0228,0.0376
18427,0.0072,-0.0239,9.6407,-0.0708,0.0089,0.0293,0.0397
18437,0.0120,0.0263,9.7460,0.0344,0.0139,0.0286,0.0380
18447,0.0120,0.0598,9.7484,0.0366,0.0131,0.0278,0.0425
18457,0.0191,0.0024,9.6479,-0.0636,0.0159,0.0247,0.0385
18467,-0.0311,0.0311,9.7364,0.0248,0.0125,0.0344,0.0345
18477,0.0000,-0.0096,9.6981,-0.0134,0.0160,0.0269,0.0394
18487,0.0287,-0.0096,9.6909,-0.0205,0.0102,0.0250,0.0406
18497,0.0048,0.0479,9.7125,0.0010,0.0180,0.0275,0.0396
18507,-0.0263,-0.0191,9.7244,0.0129,0.0173,0.0284,0.0389
18517,-0.1771,1.5338,9.4971,-0.2133,0.0195,0.0218,0.0904
18527,-0.6150,0.9165,9.7125,0.0020,-0.0199,0.0310,0.2210
18537,-0.5910,0.5408,9.2243,-0.4837,0.0076,0.0194,0.2888
18547,-0.3709,-0.0287,9.4373,-0.2694,0.0029,0.0197,0.3062
18557,-0.7226,-0.7585,9.7938,0.0867,0.0116,0.0176,0.2724
18567,0.0574,-1.0169,9.8441,0.1363,0.0370,0.0170,0.0959
18577,-0.5695,0.4714,9.6718,-0.0358,-0.0214,0.0145,0.1573
18587,-0.8423,0.5121,9.5665,-0.1404,-0.0090,0.0116,0.2443
18597,-0.9787,0.1029,9.7029,-0.0040,0.0357,0.0041,0.2608
18607,-0.8997,0.2225,9.5474,-0.1587,0.0275,0.0078,0.2789
18617,-0.5432,-0.0048,9.5019,-0.2032,0.0237,-0.0057,0.2527
18627,0.5001,-0.3302,9.7986,0.0931,0.0255,0.0011,0.2297
18637,-0.1316,-0.0335,9.6646,-0.0407,0.0003,-0.0021,0.2083
18647,-0.0694,-0.1077,9.7412,0.0357,0.0150,-0.0111,0.2150
18657,-0.0263,-0.3039,9.7675,0.0617,0.0099,-0.0151,0.2263
18667,-0.2608,-0.1436,9.7723,0.0661,0.0046,-0.0182,0.2457
18677,-0.1555,-0.0431,9.6909,-0.0151,0.0061,-0.0235,0.2717
18687,-0.3541,0.1507,9.6574,-0.0484,-0.0119,-0.0224,0.3138
18697,-0.2680,0.1890,9.5856,-0.1196,-0.0057,-0.0440,0.3538
18707,-0.4570,0.3374,9.9494,0.2429,0.0244,-0.0467,0.3885
18717,-0.8327,0.4929,9.8369,0.1298,0.0331,-0.0571,0.4268
18727,-0.5910,0.4666,9.6048,-0.1018,0.0759,-0.0710,0.4617
18737,-0.5862,0.6317,9.8273,0.1201,0.1147,-0.0861,0.5159
18747,-0.5647,0.1986,9.4732,-0.2328,0.2167,-0.1213,0.5698
18923,0.6939,-0.1531,9.5450,-0.1602,0.0281,0.0232,0.0579
18933,-0.2082,-0.0742,9.7125,0.0072,0.0009,0.0284,0.0382
18943,-0.1436,-0.0550,9.7819,0.0762,0.0217,0.0257,0.0385
18953,-0.0455,-0.2321,9.6766,-0.0289,0.0264,0.0296,0.0304
18963,-0.0263,-0.3063,9.6790,-0.0264,0.0466,0.0276,-0.0018
18973,-0.2847,-0.0120,9.6239,-0.0810,0.0150,0.0249,-0.0145
18983,-0.1842,0.0598,9.7747,0.0694,-0.0008,0.0269,-0.0031
18993,-0.1962,0.1460,9.6790,-0.0262,-0.0058,0.0289,0.0168
19003,-0.1388,0.0048,9.6933,-0.0118,0.0081,0.0292,0.0322
19013,-0.1268,-0.0072,9.7196,0.0145,0.0142,0.0257,0.0307
19023,-0.1507,-0.0694,9.4373,-0.2665,-0.0180,0.0275,0.0362
19033,-0.1149,-0.0144,9.6814,-0.0224,-0.0166,0.0273,0.0373
19043,-0.0526,-0.3637,9.6503,-0.0532,-0.1170,0.0263,0.0357
19053,-0.1412,0.1723,9.7101,0.0066,-0.0287,0.0264,0.0353
19063,-0.1795,0.1651,9.6694,-0.0339,-0.0489,0.0258,0.0377
19073,-0.1866,-0.1172,9.6694,-0.0338,0.0447,0.0304,0.0396
19083,-0.1507,-0.0191,9.7986,0.0950,0.0086,0.0307,0.0399
19093,-0.1938,-0.1460,9.7196,0.0159,0.0110,0.0275,0.0412
19103,-0.1819,-0.0024,9.6885,-0.0151,-0.0101,0.0275,0.0365
19113,-0.1866,-0.0479,9.6909,-0.0126,0.0147,0.0281,0.0383
19123,-0.1436,-0.0574,9.6885,-0.0150,0.0102,0.0275,0.0392
19133,-0.1771,-0.0191,9.7460,0.0423,0.0069,0.0272,0.0392
19143,-0.1627,-0.0167,9.7053,0.0016,0.0046,0.0273,0.0391
19153,-0.1460,-0.0215,9.6550,-0.0484,0.0084,0.0275,0.0373
19163,-0.1555,-0.0024,9.6168,-0.0863,0.0067,0.0241,0.0396
19173,-0.1555,-0.0096,9.6407,-0.0620,0.0096,0.0269,0.0363
19183,-0.1484,-0.0144,9.6957,-0.0070,0.0069,0.0267,0.0408
19193,-0.1364,-0.0120,9.7268,0.0240,0.0105,0.0252,0.0391
19203,-0.1412,-0.0191,9.7196,0.0168,0.0102,0.0284,0.0386
19213,-0.1388,-0.0311,9.6814,-0.0214,0.0090,0.0269,0.0412
19223,-0.1149,-0.0215,9.7268,0.0239,0.0118,0.0260,0.0385
19233,-0.1436,-0.0287,9.6526,-0.0500,0.0084,0.0301,0.0386
19243,-0.1268,-0.0335,9.7316,0.0288,0.0075,0.0270,0.0391
19253,-0.1316,-0.0550,9.7651,0.0620,0.0075,0.0246,0.0377
19263,-0.1795,-0.0335,9.6885,-0.0145,0.0101,0.0279,0.0376
19273,-0.1460,-0.0335,9.7125,0.0094,0.0084,0.0290,0.0392
19283,-0.2130,-0.0024,9.7077,0.0046,0.0052,0.0263,0.0397
19293,-0.1436,-0.0191,9.7196,0.0165,0.0102,0.0246,0.0383
19303,-0.1651,-0.0215,9.7029,-0.0003,0.0111,0.0269,0.0376
19313,-0.1914,-0.0144,9.6574,-0.0455,0.0101,0.0254,0.0388
19323,-0.1771,-0.0598,9.6981,-0.0048,0.0115,0.0243,0.0379
19333,-0.1771,-0.0072,9.7986,0.0952,0.0099,0.0272,0.0418
19343,-0.1364,-0.0215,9.7579,0.0542,0.0087,0.0284,0.0392
19353,-0.1029,-0.0502,9.6335,-0.0698,0.0096,0.0258,0.0415
19363,-0.0909,-0.0933,9.6933,-0.0100,0.0111,0.0255,0.0000
19373,-0.1196,-0.0550,9.7149,0.0115,0.0067,0.0270,0.0399
19383,-0.1029,-0.0072,9.7795,0.0757,0.0078,0.0283,0.0386
19393,-0.1340,-0.0335,9.7651,0.0611,0.0061,0.0264,0.0377
19403,-0.1149,-0.0215,9.6311,-0.0726,0.0139,0.0312,0.0389
19413,-0.1747,0.0024,9.6048,-0.0984,0.0101,0.0267,0.0365
19423,-0.1436,0.0120,9.7460,0.0426,0.0070,0.0284,0.0353
19433,-0.2010,0.0000,9.7388,0.0352,0.0046,0.0276,0.0382
19443,-0.1484,-0.0072,9.7340,0.0303,0.0075,0.0269,0.0368
19453,-0.1723,-0.0144,9.7005,-0.0032,0.0087,0.0284,0.0383
19463,-0.1507,-0.0574,9.6694,-0.0341,0.0096,0.0273,0.0385
19473,-0.1460,-0.0383,9.6909,-0.0125,0.0075,0.0235,0.0382
19483,-0.1364,-0.0239,9.6861,-0.0172,0.0076,0.0254,0.0411
19493,-0.1268,-0.0526,9.7173,0.0138,0.0110,0.0275,0.0371
19503,-0.1268,-0.0120,9.6885,-0.0148,0.0098,0.0260,0.0397
19513,-0.1507,-0.0263,9.7029,-0.0005,0.0086,0.0281,0.0412
19523,-0.1412,-0.0191,9.7579,0.0543,0.0050,0.0269,0.0396
19533,-0.1436,-0.0072,9.7364,0.0326,0.0086,0.0298,0.0383
19543,-0.1484,-0.0215,9.7436,0.0396,0.0053,0.0246,0.0391
19553,-0.1651,0.6030,9.6814,-0.0225,0.0093,0.0260,0.0382
19563,-0.1555,0.0000,9.7125,0.0085,0.0064,0.0258,0.0362
19573,-0.1364,0.0072,9.7244,0.0204,0.0102,0.0276,0.0394
19583,-0.1316,0.0048,9.7364,0.0322,0.0098,0.0243,0.0400
19593,-0.1531,-0.0239,9.6742,-0.0299,0.0101,0.0293,0.0399
19603,-0.0694,-0.0335,9.6455,-0.0583,0.0121,0.0234,0.0391
19613,-0.1460,-0.0359,9.6646,-0.0390,0.0104,0.0295,0.0383
19623,-0.1699,-0.0215,9.7029,-0.0007,0.0115,0.0299,0.0389
19633,-0.1507,-0.0167,9.7364,0.0327,0.0052,0.0266,0.0397
19643,-0.1819,-0.0407,9.6814,-0.0223,0.0092,0.0238,0.0394
19653,-0.1579,-0.0526,9.6622,-0.0412,0.0079,0.0266,0.0365
19663,-0.2177,-0.0502,9.6909,-0.0124,0.0111,0.0278,0.0380
19673,-0.1866,-0.0383,9.7603,0.0567,0.0043,0.0266,0.0408
19683,-0.1675,-0.0526,9.7579,0.0540,0.0099,0.0276,0.0382
19693,-0.1220,-0.0718,9.6455,-0.0581,0.0115,0.0286,0.0400
19703,-0.1029,-0.0431,9.6742,-0.0293,0.0098,0.0234,0.0400
19713,-0.1101,0.0144,9.6479,-0.0553,0.0093,0.0257,0.0399
19723,-0.1268,-0.0167,9.7531,0.0497,0.0052,0.0260,0.0360
19733,-0.1699,-0.0167,9.7005,-0.0029,0.0098,0.0255,0.0392
19743,-0.1460,-0.0048,9.6838,-0.0196,0.0081,0.0279,0.0370
19753,-0.1531,0.0215,9.7531,0.0496,0.0090,0.0266,0.0400
19763,-0.1196,0.0072,9.6503,-0.0531,0.0139,0.0310,0.0376
19773,-0.1507,-0.0120,9.7484,0.0448,0.0118,0.0241,0.0377
19783,-0.1436,-0.0191,9.7651,0.0613,0.0108,0.0266,0.0373
19793,-0.1507,-0.0191,9.7053,0.0014,0.0115,0.0240,0.0345
19803,-0.1364,-0.0598,9.6694,-0.0343,0.0090,0.0299,0.0363
19813,-0.1388,-0.0191,9.6838,-0.0198,0.0070,0.0264,0.0388
19823,-0.1651,-0.0502,9.7077,0.0041,0.0101,0.0275,0.0379
19833,-0.1507,-0.0550,9.7555,0.0517,0.0082,0.0276,0.0362
19843,-0.1675,-0.0694,9.7364,0.0324,0.0113,0.0272,0.0420
19853,-0.1699,-0.0263,9.6479,-0.0559,0.0090,0.0260,0.0402
19863,-0.1460,-0.0263,9.6646,-0.0389,0.0096,0.0254,0.0348
19873,-0.1603,-0.0287,9.7196,0.0160,0.0040,0.0250,0.0360
19883,-0.1292,-0.0167,9.7675,0.0636,0.0072,0.0244,0.0388
19893,-0.1675,0.0000,9.7029,-0.0010,0.0102,0.0261,0.0373
19903,-0.1603,-0.0048,9.6766,-0.0272,0.0076,0.0286,0.0380
19913,-0.1890,0.6030,9.7005,-0.0033,0.0102,0.0266,0.0376
20051,-0.1771,-0.0096,9.6311,-0.0723,0.0092,0.0284,0.0405
20061,-0.1866,-0.0167,9.6957,-0.0077,0.0061,0.0284,0.0367
20071,-0.2034,-0.0239,9.6933,-0.0100,0.0104,0.0240,0.0368
20081,-0.1555,-0.0215,9.8178,0.1138,0.0041,0.0247,0.0385
20091,-0.1244,-0.0287,9.6838,-0.0200,0.0118,0.0246,0.0391
20101,-0.1460,-0.0526,9.6861,-0.0176,0.0060,0.0252,0.0365
20111,-0.1364,-0.0622,9.6790,-0.0246,0.0140,0.0272,0.0386
20121,-0.0742,-0.0263,9.6718,-0.0316,0.0102,0.0255,0.0377
20131,-0.0981,-0.0263,9.7819,0.0780,0.0032,0.0298,0.0776
20141,-0.0694,-0.0167,9.7053,0.0015,0.0081,0.0264,0.0386
20151,-0.1340,-0.0144,9.6287,-0.0747,0.0093,0.0278,0.0374
20161,-0.1388,-0.0311,9.6838,-0.0196,0.0087,0.0295,0.0357
20171,-0.1340,0.0048,9.7244,0.0210,0.0078,0.0261,0.0376
20181,-0.1699,-0.0120,9.7484,0.0447,0.0067,0.0249,0.0377
20191,-0.2154,-0.0120,9.7101,0.0064,0.0072,0.0284,0.0388
20201,-0.1651,-0.0096,9.6814,-0.0222,0.0136,0.0258,0.0403
20211,-0.1747,-0.0167,9.6694,-0.0340,0.0069,0.0279,0.0373
20221,-0.1699,-0.0263,9.7292,0.0257,0.0115,0.0254,0.0347
20231,-0.1436,-0.0837,9.7412,0.0374,0.0121,0.0278,0.0396
20241,-0.1699,-0.0694,9.6957,-0.0080,0.0089,0.0266,0.0385
20251,-0.1603,-0.0670,9.6431,-0.0603,0.0116,0.0261,0.0388
20261,-0.1364,-0.0455,9.7436,0.0400,0.0055,0.0276,0.0403
20271,-0.1460,-0.0598,9.7890,0.0850,0.0027,0.0261,0.0394
20281,-0.1699,-0.0191,9.7268,0.0227,0.0052,0.0270,0.0379
20291,-0.1460,-0.0191,9.7101,0.0059,0.0069,0.0286,0.0373
20301,-0.1484,0.0120,9.6694,-0.0346,0.0061,0.0278,0.0388
20311,-0.1699,-0.0048,9.7053,0.0013,0.0093,0.0281,0.0386
20321,-0.1244,-0.0096,9.7843,0.0798,0.0034,0.0255,0.0412
20331,-0.1651,-0.0024,9.7101,0.0056,0.0102,0.0278,0.0406
20341,-0.1484,0.0024,9.6885,-0.0158,0.0108,0.0261,0.0417
20351,-0.1196,-0.0191,9.7555,0.0509,0.0128,0.0272,0.0403
20361,-0.1292,-0.0167,9.6981,-0.0065,0.0090,0.0238,0.0382
20371,-0.1005,-0.0144,9.7436,0.0388,0.0092,0.0244,0.0357
20381,-0.1125,-0.0646,9.6622,-0.0423,0.0121,0.0246,0.0406
20391,-0.1388,-0.0574,9.6885,-0.0159,0.0108,0.0243,0.0367
20401,-0.1340,-0.0646,9.6335,-0.0706,0.0098,0.0264,0.0408
20411,-0.1340,-0.0718,9.7508,0.0464,0.0041,0.0223,0.0377
20421,-0.1484,-0.0718,9.7244,0.0200,0.0113,0.0269,0.0399
20431,-0.1507,-0.0383,9.6455,-0.0587,0.0102,0.0273,0.0368
20441,-0.1795,0.0072,9.6455,-0.0584,0.0124,0.0299,0.0360
20451,-0.1507,-0.0239,9.7244,0.0205,0.0052,0.0281,0.0371
20461,-0.1771,-0.0335,9.7651,0.0608,0.0130,0.0229,0.0391
20471,-0.1579,-0.0191,9.7053,0.0010,0.0107,0.0255,0.0394
20481,-0.1842,0.0215,9.6550,-0.0490,0.0089,0.0292,0.0353
20491,-0.1627,0.0000,9.7412,0.0370,0.0090,0.0257,0.0412
20501,-0.1723,-0.0120,9.7292,0.0249,0.0090,0.0290,0.0379
20511,-0.1149,-0.0144,9.7316,0.0271,0.0073,0.0254,0.0392
20521,-0.1196,-0.0191,9.7029,-0.0016,0.0137,0.0223,0.0367
20531,-0.1149,-0.0311,9.6933,-0.0111,0.0072,0.0258,0.0367
20541,-0.1292,-0.0239,9.7412,0.0366,0.0118,0.0269,0.0397
20551,-0.1244,-0.0191,9.7484,0.0435,0.0099,0.0301,0.0363
20561,-0.1531,-0.0287,9.7053,0.0005,0.0075,0.0257,0.0382
20571,-0.1579,-0.0072,9.7268,0.0219,0.0124,0.0269,0.0382
20581,-0.1699,-0.0335,9.6766,-0.0282,0.0115,0.0246,0.0385
20591,-0.1842,-0.0144,9.7173,0.0124,0.0118,0.0275,0.0428
20601,-0.1771,-0.0191,9.7005,-0.0043,0.0070,0.0260,0.0408
20611,-0.1795,-0.0120,9.6838,-0.0210,0.0118,0.0279,0.0379
20621,-0.2082,-0.0048,9.7125,0.0077,0.0092,0.0261,0.0408
20631,-0.1364,-0.0311,9.6909,-0.0138,0.0102,0.0287,0.0008
20641,-0.1771,-0.0455,9.7101,0.0053,0.0086,0.0278,0.0371
20651,-0.1627,0.0000,9.7005,-0.0042,0.0081,0.0246,0.0389
20661,-0.1412,-0.0502,9.7268,0.0220,0.0121,0.0269,0.0389
20671,-0.1340,-0.0526,9.7029,-0.0019,0.0099,0.0247,0.0399
20681,-0.1292,-0.0407,9.6790,-0.0257,0.0093,0.0286,0.0403
20691,-0.0766,-0.0311,9.7484,0.0435,0.0093,0.0246,0.0396
20701,-0.1460,-0.0455,9.7364,0.0313,0.0111,0.0305,0.0399
20711,-0.0814,-0.0383,9.6861,-0.0188,0.0095,0.0260,0.0397
20721,-0.1292,-0.0120,9.7173,0.0122,0.0092,0.0261,0.0397
20731,-0.1699,-0.0096,9.6790,-0.0259,0.0072,0.0267,0.0402
20741,-0.1340,-0.0096,9.6861,-0.0187,0.0060,0.0270,0.0376
20751,-0.1196,-0.0048,9.7196,0.0148,0.0061,0.0301,0.0411
20761,-0.1340,-0.0239,9.6838,-0.0210,0.0079,0.0289,0.0391
20771,-0.1579,-0.0048,9.6670,-0.0376,0.0096,0.0279,0.0382
20781,-0.1866,-0.0191,9.6479,-0.0564,0.0087,0.0235,0.0360
20791,-0.1795,-0.0383,9.7029,-0.0014,0.0076,0.0276,0.0400
20801,-0.2058,-0.0144,9.7292,0.0248,0.0090,0.0276,0.0397
20811,-0.1340,-0.0383,9.7053,0.0009,0.0121,0.0273,0.0392
20821,-0.1771,-0.0287,9.6885,-0.0158,0.0073,0.0272,0.0386
20831,-0.1531,-0.0215,9.6909,-0.0133,0.0101,0.0243,0.0388
20841,-0.1579,-0.0191,9.7149,0.0105,0.0089,0.0252,0.0376
20851,-0.1412,-0.0167,9.6909,-0.0133,0.0052,0.0255,0.0363
20861,-0.1388,-0.0191,9.7173,0.0129,0.0096,0.0308,0.0360
20871,-0.1364,-0.0096,9.6598,-0.0443,0.0078,0.0237,0.0368
20881,-0.0837,-0.0191,9.6909,-0.0131,0.0058,0.0272,0.0406
20891,-0.1340,-0.0191,9.6957,-0.0083,0.0086,0.0299,0.0408
20901,-0.1077,0.0072,9.7101,0.0060,0.0087,0.0260,0.0388
20911,-0.1675,-0.0144,9.7077,0.0036,0.0081,0.0281,0.0396
20921,-0.1077,0.0072,9.7125,0.0084,0.0108,0.0278,0.0388
20931,-0.1436,-0.0120,9.7220,0.0179,0.0060,0.0221,0.0392
20941,-0.1244,-0.0215,9.6981,-0.0060,0.0081,0.0270,0.0370
20951,-0.1603,-0.0167,9.7173,0.0130,0.0115,0.0249,0.0383
20961,-0.1723,-0.0407,9.6766,-0.0275,0.0099,0.0235,0.0380
20971,-0.1627,-0.0526,9.7220,0.0179,0.0147,0.0275,0.0382
20981,-0.1866,-0.0239,9.7005,-0.0036,0.0104,0.0234,0.0373
20991,-0.1723,-0.0239,9.6838,-0.0203,0.0076,0.0241,0.0344
21001,-0.1795,-0.0407,9.7555,0.0512,0.0086,0.0247,0.0377
21011,-0.1842,-0.0167,9.6239,-0.0800,0.0098,0.0287,0.0406
21021,-0.1699,-0.0239,9.8130,0.1085,0.0089,0.0269,0.0399
21031,-0.1603,-0.0359,9.6646,-0.0396,0.0087,0.0286,0.0380
21041,-0.1531,-0.0167,9.6503,-0.0537,0.0095,0.0276,0.0396
21184,-0.1603,-0.0311,9.6215,-0.0820,0.0064,0.0237,0.0396
21194,-0.1627,-0.0191,9.7101,0.0065,0.0092,0.0272,0.0367
21204,-0.1603,-0.0191,9.7675,0.0636,0.0093,0.0273,0.0370
21214,-0.1890,-0.0048,9.7579,0.0537,0.0122,0.0247,0.0376
21224,-0.1507,-0.0167,9.7005,-0.0037,0.0090,0.0264,0.0359
21234,-0.1531,-0.0096,9.6598,-0.0441,0.0096,0.0255,0.0370
21244,-0.1364,-0.0215,9.7077,0.0037,0.0102,0.0263,0.0379
21254,-0.1292,-0.0479,9.7460,0.0418,0.0105,0.0247,0.0368
21264,-0.1053,-0.0263,9.6861,-0.0179,0.0102,0.0266,0.0399
21274,-0.1196,-0.0335,9.6215,-0.0821,0.0105,0.0267,0.0363
21284,-0.1244,-0.0024,9.6814,-0.0222,0.0118,0.0296,0.0389
21294,-0.1436,-0.0455,9.7484,0.0446,0.0113,0.0247,0.0403
21304,-0.1220,-0.0431,9.7005,-0.0033,0.0087,0.0298,0.0011
21314,-0.1460,-0.0455,9.7508,0.0468,0.0067,0.0270,0.0371
21324,-0.1699,-0.0239,9.7101,0.0060,0.0101,0.0287,0.0367
21334,-0.1531,-0.0096,9.6407,-0.0630,0.0066,0.0264,0.0408
21344,-0.1579,-0.0311,9.6742,-0.0294,0.0058,0.0266,0.0397
21354,-0.1675,-0.0048,9.7005,-0.0030,0.0104,0.0237,0.0368
21364,-0.1531,-0.0239,9.6550,-0.0483,0.0134,0.0266,0.0386
21374,-0.1388,-0.0072,9.7747,0.0710,0.0081,0.0269,0.0400
21384,-0.1819,-0.0837,9.7196,0.0159,0.0095,0.0263,0.0402
21394,-0.1412,-0.0479,9.6742,-0.0294,0.0130,0.0275,0.0386
21404,-0.1244,-0.0598,9.7747,0.0707,0.0130,0.0261,0.0373
21414,-0.1101,-0.0550,9.7268,0.0228,0.0119,0.0270,0.0370
21424,-0.1244,0.0000,9.7508,0.0465,0.0049,0.0250,0.0392
21434,-0.1603,-0.0215,9.7173,0.0129,0.0044,0.0275,0.0392
21444,-0.1316,-0.0096,9.7005,-0.0038,0.0057,0.0228,0.0367
21454,-0.1531,-0.0096,9.6885,-0.0157,0.0110,0.0275,0.0403
21464,-0.1651,0.0024,9.7340,0.0296,0.0096,0.0287,0.0411
21474,-0.1771,0.0144,9.6766,-0.0277,0.0075,0.0235,0.0382
21484,-0.1914,-0.0048,9.7053,0.0010,0.0101,0.0275,0.0353
21494,-0.1436,-0.0287,9.7077,0.0034,0.0061,0.0254,0.0396
21504,-0.1651,-0.0263,9.7460,0.0415,0.0110,0.0298,0.0380
21514,-0.1149,-0.0526,9.7651,0.0603,0.0084,0.0229,0.0374
21524,-0.1412,-0.0550,9.6933,-0.0114,0.0107,0.0238,0.0367
21534,-0.1053,-0.0598,9.7077,0.0029,0.0089,0.0305,0.0362
21544,-0.1340,-0.0239,9.6861,-0.0185,0.0047,0.0278,0.0385
21554,-0.1484,-0.0335,9.7388,0.0339,0.0099,0.0264,0.0380
21564,-0.2010,-0.0526,9.7531,0.0481,0.0069,0.0266,0.0380
21574,-0.2058,-0.0096,9.7149,0.0097,0.0066,0.0270,0.0380
21584,-0.1819,-0.0096,9.6718,-0.0332,0.0096,0.0246,0.0394
21594,-0.1747,-0.0167,9.6861,-0.0187,0.0107,0.0250,0.0379
21604,-0.1651,-0.0024,9.7268,0.0218,0.0070,0.0275,0.0376
21614,-0.1603,0.0072,9.7579,0.0527,0.0079,0.0278,0.0396
21624,-0.1627,-0.0120,9.7364,0.0310,0.0102,0.0250,0.0379
21634,-0.1412,-0.0407,9.6885,-0.0168,0.0116,0.0264,0.0376
21644,-0.1077,-0.0311,9.7077,0.0023,0.0070,0.0287,0.0394
21654,-0.0814,-0.0622,9.7484,0.0428,0.0087,0.0287,0.0406
21664,-0.0742,-0.0766,9.7220,0.0164,0.0058,0.0263,0.0377
21674,-0.1172,-0.0407,9.6981,-0.0075,0.0086,0.0252,0.0423
21684,-0.1507,-0.0455,9.6885,-0.0170,0.0076,0.0292,0.0360
21694,-0.1364,-0.0024,9.6598,-0.0455,0.0099,0.0264,0.0437
21704,-0.1795,-0.0215,9.7388,0.0333,0.0044,0.0255,0.0386
21714,-0.1986,0.0000,9.8034,0.0975,0.0090,0.0283,0.0377
21724,-0.1675,-0.0024,9.8178,0.1113,0.0092,0.0263,0.0357
21734,-0.2058,-0.0167,9.6670,-0.0393,0.0115,0.0287,0.0379
21744,-0.1627,-0.0144,9.6933,-0.0129,0.0093,0.0267,0.0380
21754,-0.1771,-0.0167,9.6718,-0.0343,0.0113,0.0247,0.0363
21764,-0.1460,-0.0359,9.7029,-0.0031,0.0118,0.0279,0.0396
21774,-0.1579,-0.0622,9.7077,0.0016,0.0078,0.0255,0.0370
21784,-0.1627,-0.0622,9.6383,-0.0674,0.0066,0.0224,0.0405
21794,-0.1149,-0.0622,9.6479,-0.0576,0.0072,0.0270,0.0405
21804,-0.1292,-0.0407,9.7196,0.0141,0.0108,0.0302,0.0392
21814,-0.1292,-0.0215,9.7412,0.0355,0.0063,0.0299,0.0386
21824,-0.1292,-0.0167,9.7388,0.0329,0.0076,0.0252,0.0391
21834,-0.1819,-0.0191,9.6885,-0.0172,0.0084,0.0224,0.0377
21844,-0.1388,-0.0215,9.7077,0.0019,0.0095,0.0261,0.0383
21854,-0.1364,-0.0048,9.7579,0.0519,0.0093,0.0279,0.0380
21864,-0.1507,-0.0167,9.7149,0.0088,0.0108,0.0293,0.0400
21874,-0.1460,-0.0167,9.7196,0.0135,0.0130,0.0290,0.0368
21884,-0.1579,-0.0144,9.6790,-0.0270,0.0076,0.0275,0.0373
21894,-0.1507,-0.0263,9.7101,0.0041,0.0104,0.0308,0.0370
21904,-0.1436,-0.0502,9.7771,0.0707,0.0053,0.0283,0.0356
21914,-0.1699,-0.0239,9.7531,0.0465,0.0090,0.0250,0.0409
21924,-0.1651,-0.0431,9.7364,0.0296,0.0115,0.0235,0.0382
21934,-0.1555,-0.0359,9.6766,-0.0300,0.0099,0.0234,0.0408
21944,-0.1675,-0.0455,9.7316,0.0249,0.0098,0.0264,0.0391
21954,-0.2010,-0.0215,9.7173,0.0105,0.0069,0.0249,0.0363
21964,-0.1986,-0.0120,9.7125,0.0057,0.0105,0.0270,0.0405
21974,-0.1436,-0.0144,9.7484,0.0413,0.0116,0.0273,0.0396
21984,-0.1531,-0.0144,9.7340,0.0268,0.0119,0.0258,0.0368
21994,-0.1460,-0.0263,9.6646,-0.0423,0.0067,0.0279,0.0363
22004,-0.1460,-0.0263,9.7173,0.0103,0.0096,0.0273,0.0347
22014,-0.1555,-0.0144,9.7244,0.0173,0.0050,0.0273,0.0386
22024,-0.1436,-0.0550,9.7005,-0.0065,0.0081,0.0252,0.0397
22034,-0.1125,-0.0479,9.6646,-0.0422,0.0089,0.0264,0.0370
22044,-0.1460,0.0024,9.7173,0.0104,0.0107,0.0269,0.0411
22054,-0.1460,-0.0407,9.7196,0.0127,0.0040,0.0264,0.0383
22064,-0.1220,-0.0502,9.7579,0.0507,0.0122,0.0269,0.0380
22074,-0.1172,-0.0191,9.6981,-0.0091,0.0093,0.0275,0.0417
22084,-0.1412,-0.0144,9.7173,0.0100,0.0084,0.0241,0.0367
22094,-0.1484,-0.0263,9.6790,-0.0281,0.0144,0.0273,0.0392
22104,-0.1627,-0.0287,9.7316,0.0244,0.0081,0.0257,0.0402
22114,-0.1723,-0.0167,9.7508,0.0433,0.0087,0.0272,0.0382
22124,-0.1986,-0.0144,9.7364,0.0288,0.0084,0.0263,0.0400
22134,-0.1986,-0.0215,9.7101,0.0025,0.0104,0.0258,0.0373
22144,-0.1651,-0.0072,9.5833,-0.1237,0.0087,0.0264,0.0376
22154,-0.1292,-0.0335,9.7340,0.0269,0.0073,0.0260,0.0396
22164,-0.1292,-0.0215,9.6909,-0.0161,0.0086,0.0226,0.0385
22174,-0.1364,-0.0526,9.6981,-0.0088,0.0101,0.0272,0.0394
22330,-0.1316,-0.0167,9.7220,0.0150,0.0076,0.0269,0.0373
22340,-0.1172,-0.0287,9.7220,0.0149,0.0079,0.0261,0.0389
22350,-0.1579,-0.0144,9.7292,0.0220,0.0107,0.0289,0.0373
22360,-0.1484,-0.0215,9.6814,-0.0257,0.0136,0.0255,0.0367
22370,-0.1555,-0.0239,9.7077,0.0006,0.0096,0.0304,0.0423
22380,-0.1436,-0.0167,9.7603,0.0530,0.0063,0.0292,0.0377
22390,-0.1579,-0.0479,9.7340,0.0265,0.0154,0.0247,0.0339
22400,-0.1555,-0.0072,9.7053,-0.0022,0.0137,0.0263,0.0385
22410,-0.1747,-0.0502,9.6742,-0.0331,0.0124,0.0257,0.0409
22420,-0.1699,-0.0215,9.7244,0.0170,0.0125,0.0263,0.0382
22430,-0.1699,-0.0144,9.7675,0.0598,0.0108,0.0290,0.0408
22440,-0.1460,-0.0239,9.7340,0.0262,0.0092,0.0231,0.0394
22450,-0.1579,-0.0120,9.7364,0.0284,0.0119,0.0293,0.0388
22460,-0.1436,-0.0335,9.7005,-0.0074,0.0122,0.0249,0.0379
22470,-0.1292,-0.0215,9.7244,0.0164,0.0061,0.0241,0.0411
22480,-0.1388,-0.0024,9.5809,-0.1265,0.0061,0.0266,0.0396
22490,-0.1771,-0.0215,9.7196,0.0122,0.0040,0.0266,0.0374
22500,-0.1316,-0.0239,9.7771,0.0693,0.0037,0.0275,0.0397
22510,-0.1651,-0.0622,9.7220,0.0142,0.0108,0.0255,0.0400
22520,-0.1747,-0.0096,9.6694,-0.0383,0.0009,0.0283,0.0370
22530,-0.1771,-0.0167,9.7340,0.0262,0.0061,0.0275,0.0359
22540,-0.1531,-0.0574,9.8058,0.0975,0.0096,0.0289,0.0391
22550,-0.1699,-0.0287,9.7364,0.0280,0.0084,0.0244,0.0392
22560,-0.1412,-0.0263,9.7005,-0.0079,0.0058,0.0290,0.0383
22570,-0.1172,-0.0239,9.6526,-0.0555,0.0044,0.0246,0.0391
22580,-0.1436,-0.0311,9.6814,-0.0266,0.0116,0.0269,0.0397
22590,-0.1268,-0.0167,9.7316,0.0235,0.0069,0.0278,0.0394
22600,-0.1077,-0.0024,9.7651,0.0567,0.0078,0.0240,0.0397
22610,-0.1507,-0.0120,9.7460,0.0374,0.0116,0.0270,0.0417
22620,-0.1316,-0.0287,9.6838,-0.0247,0.0076,0.0260,0.0367
22630,-0.1699,-0.0215,9.7101,0.0016,0.0150,0.0260,0.0386
22640,-0.1699,-0.0120,9.7005,-0.0079,0.0107,0.0279,0.0409
22650,-0.1436,-0.0335,9.7364,0.0278,0.0044,0.0272,0.0389
22660,-0.1819,-0.0263,9.7220,0.0134,0.0049,0.0286,0.0376
22670,-0.1914,-0.0311,9.6670,-0.0414,0.0076,0.0255,0.0376
22680,-0.1890,-0.0383,9.7125,0.0040,0.0079,0.0266,0.0359
22690,-0.1484,-0.0167,9.6909,-0.0174,0.0050,0.0299,0.0391
22700,-0.1484,-0.0120,9.7866,0.0779,0.0055,0.0244,0.0371
22710,-0.1795,-0.0335,9.6455,-0.0630,0.0087,0.0240,0.0362
22720,-0.1196,-0.0550,9.6981,-0.0103,0.0086,0.0287,0.0368
22730,-0.1531,-0.0167,9.7077,-0.0007,0.0057,0.0246,0.0394
22740,-0.1795,-0.0885,10.0068,0.2969,0.0087,0.0273,0.0377
22750,-0.1436,-0.0263,9.6885,-0.0212,0.0052,0.0247,0.0371
22760,-0.1723,-0.0191,9.6431,-0.0663,0.0125,0.0272,0.0415
22770,-0.1053,-0.0120,9.7771,0.0673,0.0072,0.0260,0.0354
22780,-0.1388,-0.0431,9.7364,0.0265,0.0076,0.0289,0.0360
22790,-0.1603,-0.0287,9.7627,0.0526,0.0073,0.0235,0.0411
22800,-0.2082,-0.0359,9.8273,0.1166,0.0082,0.0272,0.0368
22810,-0.1149,-0.0120,9.7101,-0.0007,0.0063,0.0289,0.0368
22820,-0.1699,-0.0263,9.7125,0.0017,0.0145,0.0247,0.0388
22830,-0.1101,-0.0479,9.6933,-0.0173,0.0130,0.0250,0.0392
22840,-0.1842,-0.0096,9.6766,-0.0339,0.0093,0.0260,0.0400
22850,-0.1340,-0.0215,9.7508,0.0401,0.0087,0.0249,0.0402
22860,-0.1842,-0.0144,9.7268,0.0161,0.0087,0.0254,0.0383
22870,-0.1029,-0.0431,9.8656,0.1541,0.0118,0.0296,0.0767
22880,-0.2130,-0.0167,9.8082,0.0962,0.0072,0.0261,0.0388
22890,-0.1388,-0.0431,9.6574,-0.0543,0.0093,0.0234,0.0379
22900,-0.1699,-0.0072,9.6694,-0.0421,0.0098,0.0278,0.0371
22910,-0.1819,-0.0072,9.6861,-0.0253,0.0089,0.0254,0.0383
22920,-0.1460,-0.0742,9.6431,-0.0680,0.0067,0.0287,0.0392
22930,-0.1244,-0.0072,9.6407,-0.0700,0.0118,0.0279,0.0399
22940,-0.1555,0.0000,9.7196,0.0089,0.0073,0.0264,0.0388
22950,-0.1627,0.0167,9.7436,0.0326,0.0089,0.0260,0.0371
22960,-0.1699,-0.0359,9.6646,-0.0461,0.0107,0.0234,0.0394
22970,-0.1340,-0.0191,9.7244,0.0137,0.0069,0.0284,0.0360
22980,-0.1460,-0.0144,9.7316,0.0207,0.0092,0.0269,0.0388
22990,-0.1364,-0.0096,9.7316,0.0206,0.0087,0.0276,0.0379
23000,-0.1507,-0.0191,9.6957,-0.0152,0.0069,0.0223,0.0380
23010,-0.1484,-0.0191,9.6790,-0.0318,0.0078,0.0293,0.0418
23020,-0.1627,-0.0167,9.6742,-0.0364,0.0069,0.0289,0.0392
23030,-0.1771,-0.0239,9.7555,0.0448,0.0075,0.0260,0.0394
23040,-0.1771,-0.0455,9.7244,0.0136,0.0078,0.0272,0.0400
23050,-0.2058,-0.0096,9.6838,-0.0270,0.0110,0.0255,0.0356
23060,-0.1436,-0.0239,9.7412,0.0303,0.0127,0.0249,0.0403
23070,-0.1986,-0.0287,9.7029,-0.0079,0.0096,0.0244,0.0411
23080,-0.1484,-0.0263,9.7340,0.0231,0.0099,0.0278,0.0360
23090,-0.1172,-0.0120,9.6670,-0.0437,0.0092,0.0283,0.0396
23100,-0.1125,0.0000,9.6933,-0.0173,0.0064,0.0266,0.0359
23110,-0.1196,-0.0144,9.7149,0.0042,0.0101,0.0231,0.0386
23120,-0.1460,-0.0191,9.7699,0.0589,0.0099,0.0257,0.0770
23130,-0.1125,-0.0048,9.7149,0.0039,0.0098,0.0264,0.0380
23140,-0.1077,-0.0215,9.7412,0.0301,0.0140,0.0243,0.0382
23150,-0.1412,-0.0120,9.6981,-0.0130,0.0095,0.0269,0.0408
23160,-0.1555,-0.0383,9.7101,-0.0010,0.0104,0.0231,0.0351
23170,-0.1412,-0.0072,9.6909,-0.0200,0.0116,0.0286,0.0397
23180,-0.1364,0.0024,9.7316,0.0206,0.0121,0.0252,0.0377
23190,-0.1723,-0.0144,9.6694,-0.0415,0.0090,0.0302,0.0385
23200,-0.1819,-0.0144,9.6790,-0.0317,0.0101,0.0246,0.0394
23210,-0.1675,-0.0431,9.7388,0.0280,0.0096,0.0275,0.0383
23220,-0.1771,-0.0215,9.6526,-0.0579,0.0079,0.0272,0.0362
23230,-0.1292,-0.0646,9.8082,0.0972,0.0063,0.0296,0.0771
23240,-0.1627,-0.0431,9.7914,0.0800,0.0082,0.0258,0.0397
23250,-0.1196,-0.0479,9.6646,-0.0466,0.0034,0.0272,0.0389
23260,-0.1675,-0.0335,9.7101,-0.0011,0.0082,0.0231,0.0373
23270,-0.1484,-0.0096,9.7077,-0.0035,0.0060,0.0263,0.0386
23280,-0.1292,-0.0191,9.7938,0.0822,0.0060,0.0292,0.0368
23290,-0.1651,-0.0191,9.7268,0.0152,0.0113,0.0273,0.0368
23300,-0.1436,-0.0239,9.6957,-0.0159,0.0095,0.0310,0.0402
23310,-0.1125,-0.0096,9.6311,-0.0801,0.0064,0.0269,0.0394
23320,-0.1268,-0.0311,9.7484,0.0370,0.0090,0.0255,0.0386
23467,-0.1196,-0.0359,9.6838,-0.0275,0.0095,0.0252,0.0412
23477,-0.1531,-0.0383,9.7340,0.0227,0.0125,0.0234,0.0360
23487,-0.1388,-0.0215,9.7220,0.0106,0.0082,0.0272,0.0377
23497,-0.1484,0.5838,9.6239,-0.0870,0.0093,0.0266,0.0330
23507,-0.1053,-0.0096,9.7077,-0.0033,0.0084,0.0250,0.0370
23517,-0.1507,-0.0215,9.7196,0.0087,0.0105,0.0267,0.0365
23527,-0.1196,-0.0120,9.7268,0.0158,0.0089,0.0254,0.0385
23537,-0.1436,-0.0287,9.7005,-0.0105,0.0110,0.0284,0.0368
23547,-0.1627,-0.0072,9.6646,-0.0462,0.0061,0.0267,0.0421
23557,-0.1460,0.0072,9.7101,-0.0007,0.0107,0.0241,0.0363
23567,-0.1795,-0.0144,9.7436,0.0326,0.0095,0.0270,0.0371
23577,-0.1388,-0.0167,9.7388,0.0277,0.0041,0.0249,0.0367
23587,-0.1244,-0.0407,9.7412,0.0299,0.0082,0.0283,0.0356
23597,-0.1675,-0.0383,9.5952,-0.1154,0.0069,0.0273,0.0405
23607,-0.1603,-0.0598,9.7699,0.0589,0.0055,0.0267,0.0397
23617,-0.1316,-0.0670,9.7699,0.0587,0.0090,0.0237,0.0365
23627,-0.1364,-0.0574,9.7101,-0.0012,0.0095,0.0290,0.0368
23637,-0.1579,-0.0191,9.6479,-0.0631,0.0057,0.0287,0.0380
23647,-0.1172,0.0000,9.6120,-0.0985,0.0067,0.0302,0.0383
23657,-0.1484,-0.0167,9.7795,0.0687,0.0041,0.0224,0.0379
23667,-0.1699,-0.0263,9.7938,0.0826,0.0090,0.0267,0.0403
23677,-0.1436,-0.0072,9.7388,0.0275,0.0101,0.0247,0.0370
23687,-0.1579,-0.0024,9.6239,-0.0870,0.0072,0.0310,0.0418
23697,-0.1412,-0.0048,9.6598,-0.0508,0.0046,0.0295,0.0396
23707,-0.1436,-0.0167,9.7819,0.0709,0.0081,0.0284,0.0362
23717,-0.1292,-0.0144,9.7388,0.0277,0.0076,0.0281,0.0388
23727,-0.1507,-0.0167,9.7843,0.0728,0.0067,0.0215,0.0386
23737,-0.1675,-0.0407,9.6526,-0.0586,0.0069,0.0267,0.0402
23747,-0.1819,-0.0239,9.6574,-0.0535,0.0102,0.0254,0.0415
23757,-0.1244,-0.0550,9.7460,0.0349,0.0058,0.0264,0.0417
23767,-0.1412,-0.0263,9.7508,0.0394,0.0096,0.0272,0.0388
23777,-0.1340,-0.0096,9.6814,-0.0298,0.0128,0.0249,0.0376
23787,-0.1651,-0.0526,9.6455,-0.0654,0.0101,0.0250,0.0354
23797,-0.1460,-0.0144,9.6526,-0.0579,0.0040,0.0254,0.0408
23807,-0.1340,0.0000,9.7196,0.0091,0.0075,0.0261,0.0373
23817,-0.1723,-0.0096,9.7508,0.0400,0.0073,0.0266,0.0360
23827,-0.1627,-0.0024,9.7101,-0.0007,0.0122,0.0229,0.0391
23837,-0.1531,-0.0048,9.6766,-0.0340,0.0082,0.0250,0.0408
23847,-0.1364,-0.0144,9.7029,-0.0077,0.0119,0.0266,0.0377
23857,-0.1005,-0.0383,9.7579,0.0471,0.0105,0.0296,0.0376
23867,-0.1460,-0.0191,9.7508,0.0397,0.0099,0.0287,0.0357
23877,-0.1292,-0.0407,9.7316,0.0205,0.0133,0.0269,0.0379
23887,-0.1316,-0.0479,9.6526,-0.0582,0.0089,0.0249,0.0382
23897,-0.1196,-0.0167,9.7005,-0.0103,0.0060,0.0279,0.0389
23907,-0.1268,-0.0191,9.7149,0.0041,0.0052,0.0305,0.0374
23917,-0.1484,-0.0167,9.6718,-0.0388,0.0115,0.0252,0.0392
23927,-0.1436,-0.0144,9.7053,-0.0053,0.0090,0.0241,0.0368
23937,-0.1962,-0.0215,9.6838,-0.0267,0.0142,0.0229,0.0380
23947,-0.1460,-0.0335,9.7747,0.0639,0.0119,0.0289,0.0394
23957,-0.1507,-0.0144,9.7866,0.0755,0.0095,0.0284,0.0388
23967,-0.1292,-0.0431,9.7771,0.0656,0.0089,0.0264,0.0412
23977,-0.1172,-0.0120,9.6215,-0.0895,0.0089,0.0278,0.0388
23987,-0.1507,-0.0024,9.6048,-0.1057,0.0108,0.0252,0.0362
23997,-0.1842,-0.0167,9.7484,0.0377,0.0061,0.0270,0.0764
24007,-0.1412,-0.0263,9.7795,0.0685,0.0108,0.0264,0.0394
24017,-0.1149,-0.0239,9.7125,0.0014,0.0111,0.0244,0.0371
24027,-0.1723,-0.0215,9.6670,-0.0438,0.0092,0.0284,0.0385
24037,-0.1651,-0.0167,9.6790,-0.0317,0.0060,0.0255,0.0354
24047,-0.1460,-0.0359,9.7627,0.0518,0.0069,0.0249,0.0392
24057,-0.1651,-0.0359,9.7388,0.0277,0.0099,0.0278,0.0388
24067,-0.1388,-0.0263,9.7771,0.0657,0.0053,0.0260,0.0373
24077,-0.1675,-0.0263,9.6215,-0.0894,0.0115,0.0292,0.0370
24087,-0.1555,-0.0550,9.6526,-0.0580,0.0076,0.0261,0.0391
24097,-0.0957,-0.0239,9.7484,0.0375,0.0066,0.0257,0.0370
24107,-0.1412,-0.0311,9.7173,0.0064,0.0084,0.0258,0.0354
24117,-0.1699,-0.0335,9.7364,0.0254,0.0130,0.0272,0.0382
24127,-0.1484,-0.0239,9.7077,-0.0033,0.0108,0.0247,0.0391
24137,-0.1603,-0.0239,9.7484,0.0372,0.0124,0.0257,0.0403
24147,-0.1340,0.0024,9.7077,-0.0034,0.0113,0.0292,0.0380
24157,-0.1436,-0.0191,9.7316,0.0204,0.0108,0.0240,0.0399
24167,-0.1507,-0.0431,9.7460,0.0346,0.0110,0.0231,0.0396
24177,-0.1555,-0.0144,9.6861,-0.0251,0.0144,0.0252,0.0415
24187,-0.1364,-0.0191,9.7077,-0.0036,0.0119,0.0298,0.0397
24197,-0.1579,-0.0479,9.7388,0.0274,0.0121,0.0249,0.0356
24207,-0.1412,-0.0239,9.7364,0.0249,0.0086,0.0258,0.0386
24217,-0.1603,-0.0502,9.7029,-0.0086,0.0055,0.0269,0.0362
24227,-0.1723,-0.0359,9.6479,-0.0633,0.0089,0.0260,0.0356
24237,-0.1699,-0.0383,9.7173,0.0061,0.0044,0.0270,0.0409
24247,-0.1890,-0.0144,9.7364,0.0251,0.0070,0.0237,0.0412
24257,-0.1819,-0.0024,9.7125,0.0011,0.0122,0.0304,0.0370
24267,-0.1986,-0.0215,9.7268,0.0154,0.0133,0.0293,0.0389
24277,-0.1340,-0.0144,9.6981,-0.0132,0.0139,0.0247,0.0371
24287,-0.1627,0.0000,9.7101,-0.0013,0.0111,0.0255,0.0386
24297,-0.1603,-0.0431,9.7196,0.0083,0.0115,0.0260,0.0383
24307,-0.1125,-0.0191,9.8058,0.0939,0.0076,0.0257,0.0394
24317,-0.1555,-0.0239,9.7699,0.0578,0.0072,0.0286,0.0377
24327,-0.1364,-0.0622,9.6646,-0.0473,0.0095,0.0272,0.0383
24337,-0.1077,-0.0311,9.6790,-0.0328,0.0092,0.0243,0.0339
24347,-0.0981,-0.0144,9.7101,-0.0016,0.0093,0.0255,0.0370
24357,-0.1101,-0.0359,9.8178,0.1055,0.0040,0.0258,0.0418
24367,-0.1555,-0.0479,9.7220,0.0097,0.0081,0.0270,0.0396
24377,-0.1412,-0.0144,9.6622,-0.0498,0.0053,0.0266,0.0394
24387,-0.1460,-0.0167,9.6766,-0.0353,0.0063,0.0293,0.0365
24397,-0.1651,-0.0239,9.7220,0.0101,0.0060,0.0261,0.0412
24407,-0.1484,-0.0120,9.7388,0.0267,0.0122,0.0263,0.0385
24417,-0.1579,-0.0215,9.7149,0.0028,0.0121,0.0286,0.0383
24427,-0.1579,-0.0167,9.7053,-0.0067,0.0095,0.0235,0.0397
24437,-0.1866,-0.0096,9.7029,-0.0091,0.0105,0.0261,0.0362
24447,-0.1460,-0.0383,9.7388,0.0267,0.0061,0.0298,0.0396
24457,-0.1172,-0.0502,9.7531,0.0408,0.0092,0.0252,0.0386
24620,-0.1842,-0.0407,9.6574,-0.0546,0.0098,0.0263,0.0431
24630,-0.1460,-0.0239,9.7340,0.0218,0.0058,0.0257,0.0382
24640,-0.1603,-0.0407,9.7196,0.0074,0.0118,0.0258,0.0400
24650,-0.1388,-0.0646,9.6479,-0.0640,0.0110,0.0296,0.0392
24660,-0.1340,-0.0167,9.6263,-0.0851,0.0128,0.0267,0.0388
24670,-0.1364,-0.0048,9.7173,0.0058,0.0031,0.0266,0.0392
24680,-0.1507,-0.0263,9.7196,0.0081,0.0081,0.0254,0.0370
24690,-0.1412,-0.0144,9.7531,0.0414,0.0060,0.0269,0.0370
24700,-0.1699,-0.0239,9.7029,-0.0088,0.0084,0.0263,0.0426
24710,-0.1316,0.0000,9.7268,0.0151,0.0066,0.0267,0.0400
24720,-0.1484,-0.0167,9.7029,-0.0088,0.0060,0.0283,0.0382
24730,-0.2106,-0.0120,9.7244,0.0126,0.0090,0.0295,0.0362
24740,-0.1675,-0.0024,9.7292,0.0173,0.0104,0.0246,0.0385
24750,-0.1507,-0.0239,9.7005,-0.0113,0.0072,0.0255,0.0377
24760,-0.1723,-0.0263,9.7005,-0.0113,0.0107,0.0272,0.0392
24770,-0.1125,-0.0335,9.7244,0.0126,0.0105,0.0249,0.0367
24780,-0.1819,-0.0383,9.7125,0.0006,0.0057,0.0273,0.0000
24790,-0.1723,-0.0359,9.6838,-0.0279,0.0101,0.0276,0.0394
24800,-0.1244,-0.0239,9.7196,0.0079,0.0089,0.0279,0.0379
24810,-0.1795,-0.0455,9.7412,0.0293,0.0076,0.0243,0.0382
24820,-0.1268,-0.0311,9.7101,-0.0018,0.0063,0.0243,0.0392
24830,-0.1268,-0.0455,9.7699,0.0577,0.0052,0.0287,0.0386
24840,-0.1484,-0.0048,9.7316,0.0194,0.0066,0.0241,0.0418
24850,-0.1555,-0.0144,9.6622,-0.0498,0.0119,0.0275,0.0396
24860,-0.1723,-0.6078,9.6933,-0.0186,0.0113,0.0270,0.0383
24870,-0.1866,-0.0048,9.7173,0.0053,0.0115,0.0286,0.0371
24880,-0.1651,-0.0144,9.7196,0.0077,0.0096,0.0261,0.0396
24890,-0.1484,-0.0144,9.7675,0.0553,0.0058,0.0275,0.0385
24900,-0.1627,-0.0144,9.6215,-0.0903,0.0073,0.0267,0.0371
24910,-0.1196,-0.0311,9.6838,-0.0279,0.0063,0.0250,0.0400
24920,-0.1149,-0.0479,9.7196,0.0080,0.0053,0.0276,0.0373
24930,-0.1388,-0.0479,9.6957,-0.0159,0.0076,0.0281,0.0394
24940,-0.0957,-0.0383,9.7292,0.0175,0.0087,0.0257,0.0409
24950,-0.1603,-0.0239,9.7244,0.0127,0.0082,0.0261,0.0392
24960,-0.1484,-0.0191,9.7029,-0.0088,0.0095,0.0302,0.0389
24970,-0.1531,-0.0191,9.6909,-0.0207,0.0110,0.0287,0.0405
24980,-0.1412,-0.0407,9.6766,-0.0349,0.0108,0.0296,0.0389
24990,-0.1651,0.0000,9.6646,-0.0466,0.0115,0.0273,0.0363
25000,-0.1962,0.5982,9.6933,-0.0178,0.0031,0.0279,0.0389
25010,-0.1771,-0.0024,9.7795,0.0680,0.0075,0.0273,0.0394
25020,-0.1914,0.0000,9.7412,0.0296,0.0092,0.0299,0.0396
25030,-0.1842,0.0048,9.6909,-0.0206,0.0087,0.0284,0.0376
25040,-0.1579,-0.0167,9.6718,-0.0395,0.0078,0.0264,0.0383
25050,-0.1507,-0.0120,9.7125,0.0012,0.0081,0.0264,0.0377
25060,-0.1292,-0.0526,9.7364,0.0250,0.0130,0.0240,0.0394
25070,-0.1268,-0.0622,9.7077,-0.0037,0.0081,0.0267,0.0373
25080,-0.1077,-0.0191,9.6598,-0.0513,0.0044,0.0281,0.0383
25090,-0.1436,-0.0455,9.7220,0.0108,0.0130,0.0235,0.0394
25100,-0.1340,-0.0120,9.6694,-0.0416,0.0095,0.0269,0.0379
25110,-0.1196,-0.0263,9.7196,0.0086,0.0095,0.0278,0.0373
25120,-0.1842,-0.0215,9.7196,0.0086,0.0060,0.0284,0.0412
25130,-0.1603,-0.0120,9.7101,-0.0010,0.0073,0.0255,0.0368
25140,-0.1268,-0.0263,9.6742,-0.0367,0.0092,0.0258,0.0002
25150,-0.1484,-0.0359,9.7244,0.0135,0.0079,0.0237,0.0379
25160,-0.1507,-0.0311,9.7388,0.0277,0.0095,0.0269,0.0414
25170,-0.1723,-0.0072,9.7340,0.0228,0.0086,0.0263,0.0356
25180,-0.1579,-0.0479,9.6790,-0.0321,0.0128,0.0250,0.0363
25190,-0.1101,-0.0431,9.7149,0.0038,0.0104,0.0290,0.0414
25200,-0.1579,-0.0287,9.7436,0.0323,0.0110,0.0258,0.0431
25210,-0.1460,-0.0287,9.7340,0.0226,0.0041,0.0263,0.0396
25220,-0.1842,-0.0144,9.7484,0.0368,0.0066,0.0249,0.0389
25230,-0.1316,-0.0239,9.6885,-0.0229,0.0102,0.0267,0.0399
25240,-0.1484,-0.0120,9.6550,-0.0561,0.0076,0.0238,0.0385
25250,-0.1484,-0.0407,9.6838,-0.0273,0.0093,0.0299,0.0386
25260,-0.1460,-0.0287,9.7508,0.0395,0.0060,0.0258,0.0377
25270,-0.1316,-0.0263,9.6718,-0.0392,0.0060,0.0246,0.0394
25280,-0.1149,-0.0407,9.6718,-0.0390,0.0098,0.0246,0.0397
25290,-0.1412,-0.0120,9.6790,-0.0317,0.0064,0.0287,0.0380
25300,-0.1316,-0.0144,9.7436,0.0328,0.0067,0.0272,0.0403
25310,-0.1627,-0.0263,9.7125,0.0016,0.0058,0.0278,0.0367
25320,-0.1125,-0.0120,9.7077,-0.0031,0.0089,0.0263,0.0376
25330,-0.1340,-0.0479,9.7125,0.0016,0.0119,0.0249,0.0386
25340,-0.1771,-0.0239,9.6957,-0.0150,0.0139,0.0292,0.0380
25350,-0.1531,-0.0144,9.7053,-0.0054,0.0087,0.0232,0.0377
25360,-0.1651,-0.0167,9.7077,-0.0030,0.0116,0.0254,0.0408
25370,-0.1723,-0.0287,9.7771,0.0660,0.0076,0.0289,0.0388
25380,-0.1699,-0.0191,9.6694,-0.0414,0.0081,0.0241,0.0383
25390,-0.1723,0.0000,9.6838,-0.0269,0.0078,0.0284,0.0005
25400,-0.1460,-0.0191,9.7053,-0.0054,0.0118,0.0264,0.0412
25410,-0.1507,-0.0144,9.6861,-0.0244,0.0075,0.0235,0.0365
25420,-0.1603,-0.0167,9.7795,0.0686,0.0058,0.0287,0.0396
25430,-0.1436,-0.0096,9.7077,-0.0032,0.0076,0.0250,0.0382
25440,-0.1244,-0.0167,9.6503,-0.0603,0.0064,0.0289,0.0350
25450,-0.1316,-0.0167,9.7292,0.0186,0.0121,0.0284,0.0365
25460,-0.1579,-0.0144,9.7220,0.0113,0.0086,0.0290,0.0437
25470,-0.1484,-0.0191,9.7340,0.0232,0.0102,0.0258,0.0406
25480,-0.1340,-0.0215,9.7388,0.0278,0.0058,0.0272,0.0371
25490,-0.1364,-0.0335,9.6694,-0.0414,0.0058,0.0263,0.0382
25500,-0.1627,-0.0359,9.7149,0.0041,0.0101,0.0269,0.0388
25510,-0.1651,-0.0167,9.7149,0.0041,0.0115,0.0273,0.0396
25520,-0.1292,-0.0287,9.7268,0.0159,0.0116,0.0273,0.0368
25530,-0.1531,-0.0263,9.6909,-0.0199,0.0104,0.0237,0.0360
25540,-0.1747,-0.0215,9.6526,-0.0578,0.0063,0.0322,0.0386
25550,-0.1531,-0.0144,9.7149,0.0043,0.0064,0.0279,0.0402
25560,-0.1531,-0.0359,9.7412,0.0305,0.0082,0.0240,0.0373
25570,-0.1436,-0.0502,9.7173,0.0066,0.0111,0.0270,0.0417
25580,-0.1747,-0.0024,9.6957,-0.0149,0.0110,0.0278,0.0388
25590,-0.1986,-0.0167,9.7101,-0.0005,0.0102,0.0263,0.0354
25600,-0.1507,-0.0359,9.7436,0.0328,0.0081,0.0273,0.0367
25610,-0.1340,-0.0359,9.7268,0.0160,0.0099,0.0286,0.0394
25748,-0.1651,-0.0191,9.7866,0.0754,0.0116,0.0276,0.0382
25758,-0.1819,-0.0048,9.7268,0.0155,0.0089,0.0243,0.0408
25768,-0.1436,-0.0120,9.7196,0.0083,0.0079,0.0263,0.0385
25778,-0.1675,-0.0239,9.7077,-0.0037,0.0081,0.0287,0.0386
25788,-0.1579,-0.0167,9.7220,0.0106,0.0107,0.0293,0.0399
25798,-0.1531,-0.0431,9.7531,0.0415,0.0069,0.0283,0.0365
25808,-0.1196,-0.0287,9.6909,-0.0206,0.0090,0.0246,0.0383
25818,-0.1388,-0.0239,9.7149,0.0033,0.0072,0.0247,0.0394
25828,-0.1531,-0.0263,9.7316,0.0200,0.0067,0.0292,0.0394
25838,-0.1484,-0.0239,9.7244,0.0127,0.0102,0.0249,0.0386
25848,-0.1220,-0.0287,9.7531,0.0412,0.0079,0.0281,0.0383
25858,-0.1627,-0.0239,9.7173,0.0053,0.0095,0.0292,0.0382
25868,-0.1579,-0.0191,9.6861,-0.0256,0.0099,0.0299,0.0379
25878,-0.1795,-0.0144,9.7196,0.0078,0.0081,0.0215,0.0388
25888,-0.1795,-0.0311,9.6933,-0.0184,0.0107,0.0264,0.0373
25898,-0.1699,-0.0383,9.7292,0.0174,0.0082,0.0275,0.0377
25908,-0.1819,-0.0096,9.7196,0.0078,0.0108,0.0276,0.0374
25918,-0.1579,-0.0311,9.6790,-0.0327,0.0101,0.0261,0.0383
25928,-0.1364,-0.0263,9.7603,0.0484,0.0118,0.0263,0.0379
25938,-0.1555,-0.0215,9.7388,0.0267,0.0105,0.0261,0.0370
25948,-0.1412,-0.0383,9.7029,-0.0091,0.0082,0.0258,0.0377
25958,-0.1460,-0.0167,9.7268,0.0147,0.0063,0.0289,0.0386
25968,-0.1484,-0.0383,9.7795,0.0670,0.0108,0.0260,0.0389
25978,-0.1412,-0.0311,9.7029,-0.0095,0.0101,0.0254,0.0371
25988,-0.1340,-0.0215,9.7029,-0.0095,0.0095,0.0270,0.0383
25998,-0.1412,-0.0144,9.6909,-0.0213,0.0087,0.0272,0.0383
26008,-0.1603,-0.0072,9.7220,0.0097,0.0095,0.0267,0.0380
26018,-0.1077,-0.0215,9.6622,-0.0498,0.0101,0.0272,0.0403
26028,-0.1579,-0.0096,9.7412,0.0290,0.0119,0.0305,0.0406
26038,-0.1292,-0.0048,9.7508,0.0384,0.0063,0.0279,0.0383
26048,-0.1412,-0.0502,9.6598,-0.0523,0.0113,0.0270,0.0376
26058,-0.1220,-0.0311,9.7029,-0.0092,0.0118,0.0283,0.0408
26068,-0.1531,-0.0287,9.6814,-0.0306,0.0115,0.0267,0.0382
26078,-0.1292,-0.0287,9.7364,0.0244,0.0116,0.0260,0.0386
26088,-0.1412,-0.0191,9.7508,0.0385,0.0079,0.0286,0.0373
26098,-0.1436,-0.0263,9.7292,0.0169,0.0140,0.0232,0.0382
26108,-0.1364,-0.0670,9.7340,0.0216,0.0119,0.0228,0.0374
26118,-0.1627,0.0000,9.7077,-0.0047,0.0089,0.0234,0.0376
26128,-0.1771,-0.0144,9.7101,-0.0023,0.0099,0.0254,0.0411
26138,-0.1603,-0.0191,9.7220,0.0096,0.0034,0.0237,0.0392
26148,-0.1819,0.0287,9.6383,-0.0738,0.0053,0.0266,0.0399
26158,-0.1938,-0.0215,9.7603,0.0480,0.0046,0.0243,0.0406
26168,-0.1699,-0.0120,9.6885,-0.0237,0.0104,0.0299,0.0360
26178,-0.0790,-0.0311,9.7005,-0.0116,0.0090,0.0286,0.0399
26188,-0.1196,-0.0072,9.7460,0.0337,0.0105,0.0247,0.0362
26198,-0.1747,-0.0502,9.7436,0.0311,0.0137,0.0220,0.0383
26208,-0.1747,-0.0335,9.7173,0.0048,0.0127,0.0278,0.0379
26218,-0.1603,-0.0694,9.6790,-0.0333,0.0101,0.0258,0.0389
26228,-0.1675,-0.0072,9.6598,-0.0522,0.0092,0.0272,0.0382
26238,-0.1723,-0.0096,9.7292,0.0171,0.0066,0.0258,0.0400
26248,-0.1747,-0.0191,9.7220,0.0098,0.0060,0.0231,0.0396
26258,-0.1531,-0.0096,9.7340,0.0217,0.0064,0.0258,0.0373
26268,-0.1196,-0.0239,9.6885,-0.0236,0.0053,0.0244,0.0383
26278,-0.1149,-0.0239,9.7292,0.0170,0.0058,0.0234,0.0402
26288,-0.1819,-0.0239,9.7196,0.0073,0.0053,0.0234,0.0399
26298,-0.1388,-0.0072,9.7196,0.0073,0.0093,0.0298,0.0412
26308,-0.1340,-0.0239,9.6814,-0.0308,0.0115,0.0269,0.0373
26318,-0.2010,-0.0431,9.6622,-0.0497,0.0131,0.0255,0.0388
26328,-0.1436,-0.0287,9.7388,0.0267,0.0079,0.0273,0.0405
26338,-0.1101,-0.0239,9.7005,-0.0115,0.0069,0.0272,0.0367
26348,-0.1675,-0.0383,9.7005,-0.0114,0.0089,0.0260,0.0386
26358,-0.1125,-0.0239,9.7555,0.0434,0.0092,0.0238,0.0408
26368,-0.1460,-0.0431,9.6981,-0.0140,0.0095,0.0249,0.0385
26378,-0.1125,-0.0144,9.7292,0.0170,0.0027,0.0272,0.0383
26388,-0.1244,-0.0167,9.7220,0.0098,0.0108,0.0221,0.0389
26398,-0.1436,-0.0263,9.6598,-0.0521,0.0015,0.0250,0.0383
26408,-0.1244,-0.0167,9.6718,-0.0400,0.0144,0.0267,0.0386
26418,-0.1699,-0.0096,9.7436,0.0316,0.0087,0.0287,0.0396
26428,-0.1412,-0.0024,9.7364,0.0243,0.0139,0.0260,0.0374
26438,-0.1460,-0.0024,9.7508,0.0385,0.0130,0.0237,0.0385
26448,-0.1388,-0.0072,9.7125,0.0002,0.0206,0.0252,0.0420
26458,-0.2154,1.0361,9.6526,-0.0593,-0.0166,0.0244,0.0924
26468,-0.1627,-0.0479,9.6622,-0.0495,0.0162,0.0287,0.1683
26478,-0.1412,-0.4522,9.8273,0.1150,0.0231,0.0281,0.1400
26488,0.1196,-0.3876,9.2770,-0.4331,0.0313,0.0273,0.1477
26498,0.1531,-0.0694,9.7555,0.0452,-0.0029,0.0275,0.1243
26508,-0.2321,-0.3685,9.7244,0.0140,-0.0362,0.0281,0.0363
26518,-0.9882,-0.2034,9.7627,0.0521,0.0628,0.0257,0.0296
26528,-0.1388,-0.2991,9.6909,-0.0196,-0.0249,0.0299,0.0406
26538,-0.1651,0.0526,9.7819,0.0709,-0.0035,0.0273,0.0409
26548,-0.1316,0.1053,9.7364,0.0253,-0.0237,0.0275,0.0383
26558,-0.1651,-0.0239,9.6407,-0.0700,0.0370,0.0284,0.0388
26568,-0.1603,0.0455,9.6622,-0.0482,0.0182,0.0283,0.0392
26578,-0.1125,-0.0431,9.7101,-0.0004,0.0031,0.0264,0.0373
26588,-0.0933,0.0144,9.7508,0.0401,0.0111,0.0247,0.0371
26598,-0.1244,-0.0144,9.7268,0.0161,0.0189,0.0261,0.0388
26608,-0.1460,-0.0646,9.6646,-0.0459,0.0093,0.0283,0.0405
26618,-0.1388,-0.0048,9.7101,-0.0004,0.0052,0.0283,0.0392
26628,-0.1484,-0.0431,9.7244,0.0139,0.0063,0.0278,0.0434
26638,-0.1747,-0.0072,9.7077,-0.0029,0.0060,0.0273,0.0417
26648,-0.1795,0.0072,9.7125,0.0019,0.0238,0.0283,0.0386
26658,-0.2656,0.9763,9.6861,-0.0243,0.0290,0.0241,0.1110
26668,-0.3159,0.9093,9.7603,0.0496,0.0217,0.0247,0.2311
26678,-0.2991,0.4140,9.6574,-0.0530,0.0063,0.0244,0.3308
26688,-0.2847,-0.2082,9.8010,0.0901,0.0049,0.0283,0.3560
26698,-0.2249,-0.4403,9.8106,0.0992,-0.0020,0.0209,0.3141
26708,-0.1986,-0.5288,9.7196,0.0082,-0.0076,0.0241,0.2453
26718,-0.2632,-1.0983,9.7077,-0.0037,0.0273,0.0260,0.1087
26728,-0.2058,-0.2106,9.7316,0.0201,0.0046,0.0279,0.0386
26738,-0.2800,-0.1723,9.6718,-0.0395,0.0047,0.0264,0.0208
26839,0.2273,-0.0814,9.7125,0.0012,-0.0165,0.0232,0.0470
26849,0.1723,-0.1005,9.7029,-0.0084,-0.0273,0.0272,0.0298
26859,0.2273,0.0144,9.7508,0.0393,-0.0011,0.0260,0.0104
26869,0.2728,-0.0263,9.7316,0.0200,-0.0098,0.0263,0.0231
26879,0.2536,-0.0048,9.7005,-0.0110,0.0021,0.0286,0.0376
26889,0.1723,0.1077,9.7053,-0.0062,0.0058,0.0240,0.0612
26899,0.0837,0.0048,9.7412,0.0296,-0.0035,0.0283,0.0788
26909,-0.0263,-0.0120,9.7196,0.0080,-0.0040,0.0263,0.0898
26919,-0.0072,0.0120,9.7101,-0.0016,0.0061,0.0264,0.0999
26929,-0.1077,-0.0048,9.7484,0.0365,0.0044,0.0241,0.1170
26939,0.6102,0.0311,9.7388,0.0268,0.0035,0.0275,0.1235
26949,-0.0526,0.0072,9.7196,0.0076,0.0078,0.0273,0.1222
26959,-0.0790,0.0120,9.7627,0.0504,0.0162,0.0261,0.1136
26969,-0.1507,0.0885,9.7795,0.0669,0.0205,0.0258,0.1129
26979,-0.4211,0.0167,9.7125,-0.0001,0.0179,0.0290,0.0999
26989,-0.0981,0.0120,9.7125,-0.0001,0.0330,0.0266,0.0771
26999,0.0215,0.0311,9.7723,0.0594,0.0451,0.0263,0.0330
27009,0.1771,-0.1101,9.7005,-0.0123,0.0483,0.0237,0.0002
27019,0.0646,0.0383,9.6957,-0.0170,0.0603,0.0263,-0.0168
27029,-0.0646,-0.1316,9.7005,-0.0122,0.0279,0.0290,-0.0296
27039,-0.1651,-0.3781,9.6981,-0.0145,-0.0057,0.0244,0.0124
27049,-0.1723,0.0407,9.7460,0.0332,-0.0464,0.0250,0.0382
27059,-0.2297,0.0861,9.7101,-0.0027,-0.0286,0.0310,0.0345
27069,-0.1507,0.0024,9.6766,-0.0360,0.0127,0.0249,0.0276
27079,-0.1244,-0.0861,9.6885,-0.0239,0.0208,0.0266,0.0400
27089,-0.1364,-0.0239,9.7268,0.0143,-0.0052,0.0321,0.0376
27099,-0.1531,-0.2154,9.6479,-0.0644,0.0029,0.0258,0.0417
27109,-0.1627,-0.5408,9.6909,-0.0212,0.0209,0.0273,0.0980
27119,-0.1795,-0.3350,9.7101,-0.0020,0.0350,0.0254,0.1904
27129,-0.2034,0.0215,9.6263,-0.0854,0.0260,0.0287,0.2259
27139,-0.1555,0.2512,9.7436,0.0317,0.0330,0.0278,0.2031
27149,-0.0861,0.6006,9.7053,-0.0065,0.0179,0.0281,0.1248
27159,-0.1220,0.0502,9.7747,0.0626,0.0458,0.0254,0.0420
27169,-0.1316,-0.0167,9.7292,0.0170,0.0490,0.0247,0.0388
27179,-0.1819,-0.1077,9.6766,-0.0355,0.0432,0.0264,0.0374
27189,-0.1771,0.0287,9.7340,0.0219,0.0060,0.0289,0.0388
27199,-0.1747,-0.0263,9.6814,-0.0306,0.0005,0.0255,0.0392
27209,-0.1531,0.0048,9.7149,0.0029,0.0133,0.0287,0.0394
27219,-0.1555,0.0479,9.7340,0.0219,0.0206,0.0247,0.0394
27229,-0.3182,0.5025,9.6933,-0.0187,0.1029,0.0229,0.0247
27239,-1.0074,0.5384,9.6431,-0.0686,-0.0203,0.0261,-0.1278
27249,-0.7968,0.2321,9.6814,-0.0302,-0.0102,0.0232,-0.1732
27259,-0.6054,0.2225,9.7005,-0.0110,-0.0060,0.0241,-0.1955
27269,0.0263,-0.0311,9.6790,-0.0323,0.0047,0.0272,-0.1929
27279,0.6508,-0.6700,9.6503,-0.0607,0.0246,0.0333,-0.1203
27289,0.8088,-0.9332,9.7125,0.0015,-0.0098,0.0246,0.0166
27299,-0.1579,-0.0431,9.6861,-0.0247,-0.0644,0.0272,0.0408
27309,-0.0718,-0.0215,9.7101,-0.0008,-0.0266,0.0231,0.0342
27319,-0.1172,0.0191,9.7292,0.0183,0.0147,0.0276,0.0406
27329,-0.0072,-0.6508,9.6981,-0.0128,0.0279,0.0246,0.0502
27339,0.2177,-1.5745,9.6957,-0.0151,0.0455,0.0261,-0.0304
27349,-0.3159,-0.9811,9.6933,-0.0174,0.0428,0.0295,-0.1234
27359,-0.6867,-1.0193,9.7268,0.0160,0.0252,0.0243,-0.2243
27369,-0.8399,-0.8279,9.6718,-0.0388,0.0015,0.0301,-0.3708
27379,-1.0122,-0.4283,9.7340,0.0233,-0.0018,0.0276,-0.4601
27389,-0.7442,0.3829,9.9039,0.1922,-0.0057,0.0255,-0.4933
27399,-0.3302,0.7202,9.6718,-0.0397,0.0063,0.0286,-0.4818
27409,-0.8853,1.7300,9.7962,0.0843,0.0142,0.0296,-0.3300
27419,-0.0598,0.4044,9.8034,0.0910,-0.0035,0.0296,-0.2149
27429,0.5719,0.5121,9.7460,0.0334,0.0249,0.0270,-0.1304
27439,0.6676,0.5408,9.6479,-0.0644,0.0003,0.0261,-0.0629
27449,0.2704,0.1914,9.6239,-0.0879,-0.0154,0.0299,-0.0154
27459,0.2680,0.1436,9.7292,0.0173,-0.0075,0.0312,0.0040
27469,0.0407,0.0239,9.7364,0.0244,0.0021,0.0289,0.0156
27479,0.3709,0.0502,9.7125,0.0005,0.0009,0.0287,0.0235
27489,0.1172,0.0263,9.7531,0.0409,-0.0044,0.0295,0.0347
27499,-0.0933,0.0096,9.7340,0.0217,-0.0082,0.0287,0.0348
27509,-0.1484,0.0359,9.7747,0.0621,-0.0081,0.0283,0.0371
27519,-0.1771,-0.0239,9.7412,0.0284,-0.0200,0.0304,0.0356
27529,-0.1699,-0.0287,9.7364,0.0235,0.0209,0.0296,0.0377
27539,-0.0861,0.0096,9.6933,-0.0195,0.0403,0.0286,0.0437
27549,-0.1436,-0.0718,9.7125,-0.0003,0.0596,0.0232,0.0426
27559,-0.4187,0.2967,9.7364,0.0235,0.0580,0.0286,0.0664
27569,-0.0622,0.1172,9.6574,-0.0552,-0.0023,0.0313,0.1145
27579,-0.2967,-0.1651,9.6981,-0.0144,-0.0151,0.0270,0.1319
27589,-0.3637,-0.7681,9.6455,-0.0668,-0.0075,0.0304,0.2398
27599,-0.2369,-0.3374,9.8130,0.1002,0.0115,0.0336,0.3012
27609,-0.1531,-0.1890,9.7843,0.0712,0.0183,0.0305,0.3108
27619,-0.0885,0.2201,9.7101,-0.0030,0.0189,0.0279,0.2729
27629,-0.1364,0.2489,9.7220,0.0089,0.0139,0.0231,0.1571
27639,-0.0766,0.3781,9.7340,0.0208,0.0044,0.0260,0.1837
27649,-0.1244,0.0096,9.7723,0.0588,0.0118,0.0287,0.1136
27659,-0.0790,-0.0694,9.7101,-0.0034,0.0125,0.0266,0.0786
27669,-0.1364,0.0694,9.6503,-0.0629,0.0168,0.0278,0.0556
27679,-0.1149,-0.0191,9.6718,-0.0412,0.0298,0.0260,0.0399
27689,-0.1244,-0.0048,9.7244,0.0114,0.0348,0.0244,0.0388
27699,-0.1196,-0.0359,9.7579,0.0447,0.0484,0.0287,0.0417
27709,-0.1196,0.1077,9.6694,-0.0436,0.0539,0.0302,0.0325
27719,-0.1555,0.5001,9.7101,-0.0029,0.0396,0.0299,-0.0383
27729,-0.1101,0.1292,9.7603,0.0471,0.0341,0.0299,-0.0834
27739,-0.2058,-0.1053,9.7436,0.0302,0.0382,0.0260,-0.0808
27749,-0.1675,-0.1723,9.7316,0.0181,0.0276,0.0263,-0.0745
27759,-0.1555,-0.1220,9.6263,-0.0867,0.0221,0.0295,-0.0582
27769,-0.1531,-0.4522,9.7244,0.0113,0.0192,0.0276,-0.0105
27779,-0.1819,-0.2536,9.6885,-0.0245,0.0140,0.0263,0.0330
27789,-0.1890,-0.0502,9.7388,0.0257,0.0057,0.0229,0.0426
27799,-0.2058,-0.0335,9.7292,0.0160,-0.0026,0.0246,0.0490
27809,-0.1244,-0.0622,9.7340,0.0207,-0.0038,0.0260,0.0513
27819,-0.1125,-0.0550,9.6957,-0.0175,-0.0026,0.0232,0.0458
27829,-0.1531,-0.0263,9.6479,-0.0650,0.0072,0.0305,0.0403
